Workbook

Sheet Start
C2: Ultimate Black Forest Travel Budget Planner & Expense Tracker for Female Travelers
C3: Take the stress out of travel budgeting with this elegant Excel tracker designed for women exploring the Black Forest. Monitor expenses in real-time and enjoy your trip without financial worries.
C5: How it works
B6: 1. | C6: Enter your trip details and budget
B7: 2. | C7: Track daily expenses by category
B8: 3. | C8: Monitor your budget vs. actual spending
B9: 4. | C9: Use the itinerary planner for your route
B10: 5. | C10: Review the analytics dashboard regularly
B11: 6. | C11: Adjust your spending as needed
C13: Only fill in white cells – green columns calculate automatically.
C15: Go to sheet
C16: → Dashboard
C17: → Expenses
C18: → Itinerary
C20: Made by Haiktec · haiktec.tech

Sheet Dashboard
B2: Dashboard – Ultimate Black Forest Travel Budget Planner & Expense Tracke
B4: Key figures
B5: Total Cost | C5: =SUM('Expenses'!F2:F300)
B6: Daily Average | C6: =SUM('Expenses'!F2:F300)/(MAX('Expenses'!A2:A300)-MIN('Expenses'!A2:A300)+1)
B7: Most Expensive Day | C7: =MAX('Expenses'!F2:F300)
B8: Highest Cost Category | C8: =INDEX('Expenses'!B2:B300,MATCH(MAX('Expenses'!F2:F300),'Expenses'!F2:F300,0))
B9: Activities Count | C9: =COUNTA('Itinerary'!B2:B300)
B10: Budget vs. Actual | C10: =2000-SUM('Expenses'!F2:F300)

Sheet Expenses
A1: Date | B1: Category | C1: Description | D1: Amount | E1: Currency | F1: Converted EUR
A2: 46157 | B2: Transport | C2: Train to Triberg | D2: 24.5 | E2: EUR | F2: =IF(E2="EUR",D2,D2*0.9)
A3: 46157 | B3: Food | C3: Lunch at Café Schäfer | D3: 18.3 | E3: EUR | F3: =IF(E3="EUR",D3,D3*0.9)
A4: 46158 | B4: Accommodation | C4: Ferienwohnung Nacht | D4: 89 | E4: EUR | F4: =IF(E4="EUR",D4,D4*0.9)
A5: 46158 | B5: Activities | C5: Titisee boat rental | D5: 35 | E5: EUR | F5: =IF(E5="EUR",D5,D5*0.9)
A6: 46159 | B6: Souvenirs | C6: Cuckoo clock | D6: 120 | E6: EUR | F6: =IF(E6="EUR",D6,D6*0.9)
A7: 46159 | B7: Food | C7: Dinner at Schwarzwaldstube | D7: 65.5 | E7: EUR | F7: =IF(E7="EUR",D7,D7*0.9)
A8: 46160 | B8: Transport | C8: Bus to Freiburg | D8: 8.9 | E8: EUR | F8: =IF(E8="EUR",D8,D8*0.9)
A9: 46160 | B9: Activities | C9: Museum entry | D9: 12 | E9: EUR | F9: =IF(E9="EUR",D9,D9*0.9)
F10: =IF(A10="","",IF(E10="EUR",D10,D10*0.9))
F11: =IF(A11="","",IF(E11="EUR",D11,D11*0.9))
F12: =IF(A12="","",IF(E12="EUR",D12,D12*0.9))
F13: =IF(A13="","",IF(E13="EUR",D13,D13*0.9))
F14: =IF(A14="","",IF(E14="EUR",D14,D14*0.9))
F15: =IF(A15="","",IF(E15="EUR",D15,D15*0.9))
F16: =IF(A16="","",IF(E16="EUR",D16,D16*0.9))
F17: =IF(A17="","",IF(E17="EUR",D17,D17*0.9))
F18: =IF(A18="","",IF(E18="EUR",D18,D18*0.9))
F19: =IF(A19="","",IF(E19="EUR",D19,D19*0.9))
F20: =IF(A20="","",IF(E20="EUR",D20,D20*0.9))
F21: =IF(A21="","",IF(E21="EUR",D21,D21*0.9))
... F69: =IF(A69="","",IF(E69="EUR",D69,D69*0.9))

Sheet Itinerary
A1: Date | B1: Location | C1: Activity | D1: Time | E1: Contact | F1: Notes
A2: 46157 | B2: Triberg | C2: Arrival & Waterfalls | D2: 10:00-18:00 | F2: World's highest cuckoo clock
A3: 46158 | B3: Titisee-Neustadt | C3: Lake activities | D3: 09:30-17:00 | F3: Try Black Forest cake
A4: 46159 | B4: Gutach | C4: Open-air museum | D4: 11:00-15:00 | E4: +49 123 456789 | F4: Local crafts
