Workbook

Sheet Start
C2: Black Forest Family Adventure Planner: Track Budget & Activities in One Place
C3: Plan your family's perfect Black Forest getaway with this all-in-one budget tracker and activity organizer. Easily manage expenses while discovering child-friendly attractions and hidden gems.
C5: How it works
B6: 1. | C6: Enter travel dates and accommodation details
B7: 2. | C7: Log your daily expenses by category
B8: 3. | C8: Plan family-friendly activities and locations
B9: 4. | C9: Track transportation costs and routes
B10: 5. | C10: Monitor your total budget vs actual spending
B11: 6. | C11: Use the trip summary for future vacations
C13: Only fill in white cells – green columns calculate automatically.
C15: Go to sheet
C16: → Dashboard
C17: → Daily Expenses
C18: → Itinerary
C20: Made by Haiktec · haiktec.tech

Sheet Dashboard
B2: Dashboard – Black Forest Family Adventure Planner: Track Budget & Activi
B4: Key figures
B5: Total Trip Cost | C5: =SUM('Daily Expenses'!F2:F300)
B6: Accommodation % | C6: =SUMIF('Daily Expenses'!B2:B300,"Accommodation",'Daily Expenses'!F2:F300)/'Dashboard'!B1
B7: Activities Planned | C7: =COUNTA('Itinerary'!D2:D300)
B8: Days Remaining | C8: =MAX('Itinerary'!A2:A300)-TODAY()
B9: Avg Child Rating | C9: =AVERAGE('Itinerary'!E2:E300)
B10: Transport Cost | C10: =SUMIF('Daily Expenses'!B2:B300,"Transport",'Daily Expenses'!F2:F300)

Sheet Daily Expenses
A1: Date | B1: Category | C1: Description | D1: Amount | E1: Currency | F1: Local Cost
A2: 46188 | B2: Accommodation | C2: Family hostel | D2: 120 | E2: EUR | F2: =IF(E2="EUR",D2,D2*0.9)
A3: 46188 | B3: Food | C3: Dinner at Schwarzwaldstube | D3: 75 | E3: EUR | F3: =IF(E3="EUR",D3,D3*0.9)
A4: 46189 | B4: Activities | C4: Titisee boat rental | D4: 35 | E4: EUR | F4: =IF(E4="EUR",D4,D4*0.9)
A5: 46189 | B5: Transport | C5: Train to Triberg | D5: 28 | E5: EUR | F5: =IF(E5="EUR",D5,D5*0.9)
A6: 46190 | B6: Souvenirs | C6: Cuckoo clocks | D6: 125 | E6: EUR | F6: =IF(E6="EUR",D6,D6*0.9)
F7: =IF(A7="","",IF(E7="EUR",D7,D7*0.9))
F8: =IF(A8="","",IF(E8="EUR",D8,D8*0.9))
F9: =IF(A9="","",IF(E9="EUR",D9,D9*0.9))
F10: =IF(A10="","",IF(E10="EUR",D10,D10*0.9))
F11: =IF(A11="","",IF(E11="EUR",D11,D11*0.9))
F12: =IF(A12="","",IF(E12="EUR",D12,D12*0.9))
F13: =IF(A13="","",IF(E13="EUR",D13,D13*0.9))
F14: =IF(A14="","",IF(E14="EUR",D14,D14*0.9))
F15: =IF(A15="","",IF(E15="EUR",D15,D15*0.9))
F16: =IF(A16="","",IF(E16="EUR",D16,D16*0.9))
F17: =IF(A17="","",IF(E17="EUR",D17,D17*0.9))
F18: =IF(A18="","",IF(E18="EUR",D18,D18*0.9))
... F86: =IF(A86="","",IF(E86="EUR",D86,D86*0.9))

Sheet Itinerary
A1: Date | B1: Time | C1: Location | D1: Activity | E1: Child Rating | F1: Notes
A2: 46188 | B2: 09:00 | C2: Titisee | D2: Boat trip on lake | E2: 5 | F2: Book in advance
A3: 46188 | B3: 14:00 | C3: Feldberg | D3: Cable car ride | E3: 4 | F3: Check weather
A4: 46189 | B4: 10:00 | C4: Triberg | D4: Waterfalls walk | E4: 5 | F4: Wear good shoes
A5: 46190 | B5: 11:00 | C5: Gutach | D5: Open-air museum | E5: 5 | F5: Allow 3 hours
