Workbook

Sheet Start
C2: Construction Site Offer & Budget Tracker for Craft Businesses
C3: Streamline your construction site offers and budgets with this professional Excel tracker. Perfect for craft businesses to manage materials, labor, and costs efficiently.
C5: How it works
B6: 1. | C6: Enter offer details in the 'Offers' sheet.
B7: 2. | C7: List all materials needed in the 'Materials' sheet.
B8: 3. | C8: Add labor costs and hours in the 'Labor' sheet.
B9: 4. | C9: Check the 'Dashboard' sheet for real-time KPIs and totals.
B10: 5. | C10: Use the dropdowns to categorize entries for better organization.
C12: Only fill in white cells – green columns calculate automatically.
C14: Go to sheet
C15: → Dashboard
C16: → Offers
C17: → Materials
C18: → Labor
C20: Made by Haiktec · haiktec.tech

Sheet Dashboard
B2: Dashboard – Construction Site Offer & Budget Tracker for Craft Businesse
B4: Key figures
B5: Total Offers | C5: =SUM('Offers'!D2:D300)
B6: Total Material Costs | C6: =SUM('Materials'!E2:E300)
B7: Total Labor Costs | C7: =SUM('Labor'!E2:E300)
B8: Total Costs | C8: =SUM('Materials'!E2:E300)+SUM('Labor'!E2:E300)
B9: Number of Offers | C9: =COUNTA('Offers'!B2:B300)

Sheet Offers
A1: Date | B1: Client | C1: Offer Number | D1: Total Offer
A2: 46037 | B2: Client A | C2: O001 | D2: 1500

Sheet Materials
A1: Date | B1: Material | C1: Quantity | D1: Price Per Unit | E1: Total Cost
A2: 46037 | B2: Concrete | C2: 10 | D2: 12.5 | E2: =C2*D2
E3: =IF(A3="","",C3*D3)
E4: =IF(A4="","",C4*D4)
E5: =IF(A5="","",C5*D5)
E6: =IF(A6="","",C6*D6)
E7: =IF(A7="","",C7*D7)
E8: =IF(A8="","",C8*D8)
E9: =IF(A9="","",C9*D9)
E10: =IF(A10="","",C10*D10)
E11: =IF(A11="","",C11*D11)
E12: =IF(A12="","",C12*D12)
E13: =IF(A13="","",C13*D13)
E14: =IF(A14="","",C14*D14)
... E102: =IF(A102="","",C102*D102)

Sheet Labor
A1: Date | B1: Worker | C1: Hours | D1: Rate Per Hour | E1: Total Cost
A2: 46037 | B2: Worker A | C2: 8 | D2: 25 | E2: =C2*D2
E3: =IF(A3="","",C3*D3)
E4: =IF(A4="","",C4*D4)
E5: =IF(A5="","",C5*D5)
E6: =IF(A6="","",C6*D6)
E7: =IF(A7="","",C7*D7)
E8: =IF(A8="","",C8*D8)
E9: =IF(A9="","",C9*D9)
E10: =IF(A10="","",C10*D10)
E11: =IF(A11="","",C11*D11)
E12: =IF(A12="","",C12*D12)
E13: =IF(A13="","",C13*D13)
E14: =IF(A14="","",C14*D14)
... E102: =IF(A102="","",C102*D102)
