Workbook

Sheet Start
C2: Exam Preparation Budget & Study Time Tracker
C3: Manage your study budget and time efficiently with this all-in-one tracker. Never miss a study session or overspend on materials again with automated calculations and progress dashboards.
C5: How it works
B6: 1. | C6: Set your study budget and timeline
B7: 2. | C7: Record purchased materials and costs
B8: 3. | C8: Schedule study sessions in the planner
B9: 4. | C9: Track actual study time and topics
B10: 5. | C10: Monitor budget usage vs progress
B11: 6. | C11: Adjust plan based on dashboard insights
B12: 7. | C12: Prepare with confidence for exam day
C14: Only fill in white cells – green columns calculate automatically.
C16: Go to sheet
C17: → Dashboard
C18: → Budget
C19: → Study Plan
C21: Made by Haiktec · haiktec.tech

Sheet Dashboard
B2: Dashboard – Exam Preparation Budget & Study Time Tracker
B4: Key figures
B5: Total Budget Spent | C5: =SUM('Budget'!F2:F300)
B6: Study Hours Planned | C6: =SUM('Study Plan'!D2:D300)
B7: Study Hours Completed | C7: =SUM('Study Plan'!E2:E300)
B8: Completion Percentage | C8: =COUNTIF('Study Plan'!F2:F300,"Done")/COUNTA('Study Plan'!F2:F300)
B9: Most Studied Subject | C9: =INDEX('Study Plan'!B2:B300,MODE(MATCH('Study Plan'!B2:B300,'Study Plan'!B2:B300,0)))
B10: Average Study Session | C10: =AVERAGE('Study Plan'!E2:E300)

Sheet Budget
A1: Date | B1: Category | C1: Item | D1: Quantity | E1: Unit Price | F1: Total
A2: 46096 | B2: Books | C2: Organic Chemistry Textbook | D2: 1 | E2: 89.99 | F2: =D2*E2
A3: 46099 | B3: Online | C3: Practice Test Subscription | D3: 1 | E3: 24.99 | F3: =D3*E3
A4: 46101 | B4: Stationery | C4: Highlighters | D4: 5 | E4: 1.99 | F4: =D4*E4
A5: 46103 | B5: Courses | C5: Online Tutoring | D5: 10 | E5: 19.99 | F5: =D5*E5
A6: 46106 | B6: Other | C6: Library Late Fees | D6: 1 | E6: 5 | F6: =D6*E6
F7: =IF(A7="","",D7*E7)
F8: =IF(A8="","",D8*E8)
F9: =IF(A9="","",D9*E9)
F10: =IF(A10="","",D10*E10)
F11: =IF(A11="","",D11*E11)
F12: =IF(A12="","",D12*E12)
F13: =IF(A13="","",D13*E13)
F14: =IF(A14="","",D14*E14)
F15: =IF(A15="","",D15*E15)
F16: =IF(A16="","",D16*E16)
F17: =IF(A17="","",D17*E17)
F18: =IF(A18="","",D18*E18)
... F106: =IF(A106="","",D106*E106)

Sheet Study Plan
A1: Date | B1: Subject | C1: Topic | D1: Planned Hours | E1: Actual Hours | F1: Completed
A2: 46113 | B2: Chemistry | C2: Atomic Structure | D2: 2 | F2: =IF(ISBLANK(E2),"Pending","Done")
A3: 46114 | B3: Biology | C3: Cell Biology | D3: 1.5 | F3: =IF(ISBLANK(E3),"Pending","Done")
A4: 46115 | B4: Math | C4: Calculus I | D4: 2 | F4: =IF(ISBLANK(E4),"Pending","Done")
A5: 46116 | B5: Chemistry | C5: Chemical Bonds | D5: 1.5 | F5: =IF(ISBLANK(E5),"Pending","Done")
A6: 46117 | B6: Physics | C6: Quantum Basics | D6: 2 | F6: =IF(ISBLANK(E6),"Pending","Done")
A7: 46118 | B7: Review | C7: Weekly Review | D7: 3 | F7: =IF(ISBLANK(E7),"Pending","Done")
F8: =IF(A8="","",IF(ISBLANK(E8),"Pending","Done"))
F9: =IF(A9="","",IF(ISBLANK(E9),"Pending","Done"))
F10: =IF(A10="","",IF(ISBLANK(E10),"Pending","Done"))
F11: =IF(A11="","",IF(ISBLANK(E11),"Pending","Done"))
F12: =IF(A12="","",IF(ISBLANK(E12),"Pending","Done"))
F13: =IF(A13="","",IF(ISBLANK(E13),"Pending","Done"))
F14: =IF(A14="","",IF(ISBLANK(E14),"Pending","Done"))
F15: =IF(A15="","",IF(ISBLANK(E15),"Pending","Done"))
F16: =IF(A16="","",IF(ISBLANK(E16),"Pending","Done"))
F17: =IF(A17="","",IF(ISBLANK(E17),"Pending","Done"))
F18: =IF(A18="","",IF(ISBLANK(E18),"Pending","Done"))
F19: =IF(A19="","",IF(ISBLANK(E19),"Pending","Done"))
... F127: =IF(A127="","",IF(ISBLANK(E127),"Pending","Done"))
