Workbook

Sheet Inicio
C2: Gestión de Eventos para Asociaciones: Planificador de Presupuesto y Voluntarios
C3: Organiza tus eventos benéficos con total control del presupuesto y la participación de voluntarios. Ideal para asociaciones pequeñas que quieren maximizar su impacto con recursos limitados.
C5: Cómo funciona
B6: 1. | C6: Introduce los datos básicos del evento (nombre, fecha, ubicación)
B7: 2. | C7: Registra a los voluntarios disponibles con sus habilidades
B8: 3. | C8: Asigna tareas específicas a cada voluntario
B9: 4. | C9: Planifica el presupuesto por categorías
B10: 5. | C10: Controla los gastos reales vs. presupuestado
B11: 6. | C11: Genera informes automáticos para evaluar el evento
C13: Rellene solo las celdas blancas: las columnas verdes se calculan solas.
C15: Ir a la hoja
C16: → Resumen
C17: → Voluntarios
C18: → Presupuesto
C19: → Tareas
C21: Creado por Haiktec · haiktec.tech

Sheet Resumen
B2: Resumen – Gestión de Eventos para Asociaciones: Planificador de Presup
B4: Indicadores
B5: Total Voluntarios | C5: =COUNTA('Voluntarios'!A2:A50)
B6: Total Horas Voluntariado | C6: =SUM('Voluntarios'!F2:F50)
B7: Presupuesto Total | C7: =SUM('Presupuesto'!C2:C30)
B8: Gasto Real | C8: =SUM('Presupuesto'!D2:D30)
B9: Tareas Pendientes | C9: =COUNTIF('Tareas'!D2:D40, "Pendiente") + COUNTIF('Tareas'!D2:D40, "Por asignar")
B10: Ahorro / Exceso | C10: =SUM('Presupuesto'!E2:E30)

Sheet Voluntarios
A1: Nombre | B1: Apellidos | C1: Teléfono | D1: Email | E1: Habilidades | F1: Horas Comprometidas
A2: Juan | B2: García | C2: 600111222 | D2: juan@email.com | E2: Logística | F2: 5
A3: María | B3: López | C3: 600222333 | D3: maria@email.com | E3: Comunicación | F3: 8

Sheet Presupuesto
A1: Concepto | B1: Categoría | C1: Presupuestado | D1: Real | E1: Diferencia
A2: Carteles | B2: Publicidad | C2: 150 | D2: 120 | E2: =D2-C2
A3: Alquiler Local | B3: Infraestructura | C3: 500 | D3: 500 | E3: =D3-C3
E4: =IF(A4="","",D4-C4)
E5: =IF(A5="","",D5-C5)
E6: =IF(A6="","",D6-C6)
E7: =IF(A7="","",D7-C7)
E8: =IF(A8="","",D8-C8)
E9: =IF(A9="","",D9-C9)
E10: =IF(A10="","",D10-C10)
E11: =IF(A11="","",D11-C11)
E12: =IF(A12="","",D12-C12)
E13: =IF(A13="","",D13-C13)
E14: =IF(A14="","",D14-C14)
E15: =IF(A15="","",D15-C15)
... E33: =IF(A33="","",D33-C33)

Sheet Tareas
A1: Descripción | B1: Responsable | C1: Fecha límite | D1: Estado | E1: Prioridad
A2: Repartir folletos | B2: Juan García | C2: 46082 | D2: =IF(B2="", "Por asignar", IF(D2="", "Pendiente", D2)) | E2: Alta
A3: Montaje escenario | C3: 46086 | D3: =IF(B3="", "Por asignar", IF(D3="", "Pendiente", D3)) | E3: Media
D4: =IF(A4="","",IF(B4="", "Por asignar", IF(D4="", "Pendiente", D4)))
D5: =IF(A5="","",IF(B5="", "Por asignar", IF(D5="", "Pendiente", D5)))
D6: =IF(A6="","",IF(B6="", "Por asignar", IF(D6="", "Pendiente", D6)))
D7: =IF(A7="","",IF(B7="", "Por asignar", IF(D7="", "Pendiente", D7)))
D8: =IF(A8="","",IF(B8="", "Por asignar", IF(D8="", "Pendiente", D8)))
D9: =IF(A9="","",IF(B9="", "Por asignar", IF(D9="", "Pendiente", D9)))
D10: =IF(A10="","",IF(B10="", "Por asignar", IF(D10="", "Pendiente", D10)))
D11: =IF(A11="","",IF(B11="", "Por asignar", IF(D11="", "Pendiente", D11)))
D12: =IF(A12="","",IF(B12="", "Por asignar", IF(D12="", "Pendiente", D12)))
D13: =IF(A13="","",IF(B13="", "Por asignar", IF(D13="", "Pendiente", D13)))
D14: =IF(A14="","",IF(B14="", "Por asignar", IF(D14="", "Pendiente", D14)))
D15: =IF(A15="","",IF(B15="", "Por asignar", IF(D15="", "Pendiente", D15)))
... D43: =IF(A43="","",IF(B43="", "Por asignar", IF(D43="", "Pendiente", D43)))
