Workbook

Sheet Start
C2: Hochzeitsbudget-Tracker & Planer für Paare
C3: Einfach und professionell das Hochzeitsbudget planen und überwachen – für eine stressfreie Organisation.
C5: So funktioniert's
B6: 1. | C6: Trage deine Ausgaben in das Blatt 'Ausgaben' ein.
B7: 2. | C7: Verwende Dropdowns für Kategorien wie 'Location', 'Catering' usw.
B8: 3. | C8: Sieh dir die automatisch berechnete Gesamtsumme an.
B9: 4. | C9: Nutze das Dashboard für einen schnellen Überblick.
B10: 5. | C10: Passe die Vorlage nach Bedarf an.
C12: Nur weiße Zellen ausfüllen – grüne Spalten rechnen automatisch.
C14: Zum Blatt
C15: → Übersicht
C16: → Ausgaben
C17: → Budget
C19: Erstellt von Haiktec · haiktec.tech

Sheet Übersicht
B2: Übersicht – Hochzeitsbudget-Tracker & Planer für Paare
B4: Kennzahlen
B5: Gesamtbudget | C5: =SUM('Budget'!B2:B10)
B6: Gesamtausgaben | C6: =SUM('Ausgaben'!F2:F300)
B7: Anzahl Ausgaben | C7: =COUNTA('Ausgaben'!A2:A300)
B8: Durchschnittliche Ausgabe | C8: =AVERAGE('Ausgaben'!F2:F300)
B9: Größte Ausgabe | C9: =MAX('Ausgaben'!F2:F300)
B10: Restbudget | C10: =SUM('Budget'!B2:B10)-SUM('Ausgaben'!F2:F300)

Sheet Ausgaben
A1: Datum | B1: Kategorie | C1: Beschreibung | D1: Menge | E1: Preis | F1: Summe
A2: 46157 | B2: Location | C2: Mietkosten Saal | D2: 1 | E2: 1500 | F2: =D2*E2
A3: 46162 | B3: Catering | C3: Buffet pro Person | D3: 100 | E3: 25 | F3: =D3*E3
A4: 46167 | B4: Dekoration | C4: Blumenarrangements | D4: 10 | E4: 80 | F4: =D4*E4
A5: 46174 | B5: Fotografie | C5: Fotograf für 8 Stunden | D5: 1 | E5: 800 | F5: =D5*E5
A6: 46178 | B6: Kleidung | C6: Brautkleid | D6: 1 | E6: 1200 | F6: =D6*E6
A7: 46183 | B7: Musik | C7: DJ | D7: 1 | E7: 500 | F7: =D7*E7
A8: 46188 | B8: Sonstiges | C8: Einladungen | D8: 50 | E8: 2 | F8: =D8*E8
A9: 46193 | B9: Transport | C9: Limousine | D9: 1 | E9: 300 | F9: =D9*E9
F10: =IF(A10="","",D10*E10)
F11: =IF(A11="","",D11*E11)
F12: =IF(A12="","",D12*E12)
F13: =IF(A13="","",D13*E13)
F14: =IF(A14="","",D14*E14)
F15: =IF(A15="","",D15*E15)
F16: =IF(A16="","",D16*E16)
F17: =IF(A17="","",D17*E17)
F18: =IF(A18="","",D18*E18)
F19: =IF(A19="","",D19*E19)
F20: =IF(A20="","",D20*E20)
F21: =IF(A21="","",D21*E21)
... F69: =IF(A69="","",D69*E69)

Sheet Budget
A1: Kategorie | B1: Budgetiert | C1: Ausgegeben | D1: Differenz
A2: Location | B2: 2000 | D2: =B2-C2
A3: Catering | B3: 2500 | D3: =B3-C3
A4: Dekoration | B4: 800 | D4: =B4-C4
A5: Fotografie | B5: 1000 | D5: =B5-C5
A6: Kleidung | B6: 1500 | D6: =B6-C6
A7: Musik | B7: 600 | D7: =B7-C7
A8: Transport | B8: 400 | D8: =B8-C8
A9: Sonstiges | B9: 500 | D9: =B9-C9
D10: =IF(A10="","",B10-C10)
D11: =IF(A11="","",B11-C11)
D12: =IF(A12="","",B12-C12)
D13: =IF(A13="","",B13-C13)
D14: =IF(A14="","",B14-C14)
D15: =IF(A15="","",B15-C15)
D16: =IF(A16="","",B16-C16)
D17: =IF(A17="","",B17-C17)
D18: =IF(A18="","",B18-C18)
D19: =IF(A19="","",B19-C19)
