Workbook

Sheet 开始
C2: 智能旅行打包清单与预算追踪器 - 2026专业版
C3: 专业设计的旅行规划工具，一站式管理打包清单和旅行预算，让每次出行都井井有条，开支清晰可控
C5: 使用说明
B6: 1. | C6: 填写旅行基本信息（目的地、日期）
B7: 2. | C7: 使用预设分类添加需要携带的物品
B8: 3. | C8: 记录预估和实际支出
B9: 4. | C9: 检查自动生成的打包完成度百分比
B10: 5. | C10: 旅行前打印清单并标记已打包物品
C12: 只需填写白色单元格，绿色列会自动计算。
C14: 打开工作表
C15: → 总览
C16: → 旅行信息
C17: → 打包清单
C18: → 预算追踪
C20: 由 Haiktec 制作 · haiktec.tech

Sheet 总览
B2: 总览 – 智能旅行打包清单与预算追踪器 - 2026专业版
B4: 关键指标
B5: 打包完成度 | C5: =COUNTIF('打包清单'!E2:E100,"是")/COUNTA('打包清单'!B2:B100)
B6: 总预算 | C6: =SUM('预算追踪'!E2:E100)
B7: 总支出 | C7: =SUM('预算追踪'!F2:F100)
B8: 预算差额 | C8: =SUM('预算追踪'!G2:G100)
B9: 剩余行程天数 | C9: =MAX('旅行信息'!B2:B3)-TODAY()

Sheet 旅行信息
A1: 项目 | B1: 值
A2: 目的地 | B2: 柏林
A3: 开始日期 | B3: 2026-05-20
A4: 结束日期 | B4: 2026-05-27

Sheet 打包清单
A1: 类别 | B1: 物品名称 | C1: 是否必须 | D1: 数量 | E1: 已打包
A2: 证件 | B2: 护照 | C2: 是 | D2: 1 | E2: 否
A3: 电子设备 | B3: 笔记本电脑 | C3: 是 | D3: 1 | E3: 否
A4: 衣物 | B4: 衬衫 | C4: 否 | D4: 3 | E4: 否

Sheet 预算追踪
A1: 日期 | B1: 类别 | C1: 描述 | D1: 货币 | E1: 预算金额 | F1: 实际金额 | G1: 差额
A2: 46162 | B2: 交通 | C2: 机票 | D2: EUR | E2: 800 | G2: =E2-F2
A3: 46163 | B3: 住宿 | C3: 酒店 | D3: EUR | E3: 1200 | G3: =E3-F3
G4: =IF(A4="","",E4-F4)
G5: =IF(A5="","",E5-F5)
G6: =IF(A6="","",E6-F6)
G7: =IF(A7="","",E7-F7)
G8: =IF(A8="","",E8-F8)
G9: =IF(A9="","",E9-F9)
G10: =IF(A10="","",E10-F10)
G11: =IF(A11="","",E11-F11)
G12: =IF(A12="","",E12-F12)
G13: =IF(A13="","",E13-F13)
G14: =IF(A14="","",E14-F14)
G15: =IF(A15="","",E15-F15)
... G63: =IF(A63="","",E63-F63)
