Workbook

Sheet Start
C2: Ultimate North & Baltic Sea Travel Budget Planner for Solo Female Travelers
C3: Track all travel expenses in one place with automated calculations. Perfect for stress-free solo travel planning along Germany's scenic coastal routes.
C5: How it works
B6: 1. | C6: Enter your planned budget in the Overview sheet
B7: 2. | C7: Log expenses daily in the Tracking sheets
B8: 3. | C8: Check Dashboard for real-time spending status
B9: 4. | C9: Analyze spending patterns with visual charts
B10: 5. | C10: Export or print your final budget report
C12: Only fill in white cells – green columns calculate automatically.
C14: Go to sheet
C15: → Dashboard
C16: → Daily Expenses
C17: → ExchangeRates
C18: → Overview
C20: Made by Haiktec · haiktec.tech

Sheet Dashboard
B2: Dashboard – Ultimate North & Baltic Sea Travel Budget Planner for Solo F
B4: Key figures
B5: Total Spent | C5: =SUM('Daily Expenses'!F2:F300)
B6: Daily Average | C6: =AVERAGE('Daily Expenses'!F2:F300)
B7: Exchange Used | C7: =COUNTIF('Daily Expenses'!E2:E300,"<>")-COUNTIF('Daily Expenses'!E2:E300,"EUR")
B8: Highest Expenses | C8: =MAX('Daily Expenses'!F2:F300)
B9: Most Spent Category | C9: =INDEX('Daily Expenses'!B2:B300,MATCH(MAX('Daily Expenses'!F2:F300),'Daily Expenses'!F2:F300,0))
B10: Budget Status | C10: =IF(SUM('Overview'!D2:D10)>0,"Under budget","Over budget")

Sheet Daily Expenses
A1: Date | B1: Category | C1: Description | D1: Amount | E1: Currency | F1: Converted (EUR)
A2: 46188 | B2: Accommodation | C2: Dunes Hostel - 2 nights | D2: 89 | E2: EUR | F2: =IF(E2="EUR",D2,D2*VLOOKUP(E2,ExchangeRates!A:B,2,FALSE))
A3: 46189 | B3: Transport | C3: Train Kiel to Lübeck | D3: 12.9 | E3: EUR | F3: =IF(E3="EUR",D3,D3*VLOOKUP(E3,ExchangeRates!A:B,2,FALSE))
A4: 46190 | B4: Food | C4: Lunch at Fischmarkt | D4: 15.5 | E4: EUR | F4: =IF(E4="EUR",D4,D4*VLOOKUP(E4,ExchangeRates!A:B,2,FALSE))
A5: 46191 | B5: Activities | C5: Boat tour Rügen | D5: 32 | E5: EUR | F5: =IF(E5="EUR",D5,D5*VLOOKUP(E5,ExchangeRates!A:B,2,FALSE))
A6: 46192 | B6: Shopping | C6: Souvenirs | D6: 24.99 | E6: EUR | F6: =IF(E6="EUR",D6,D6*VLOOKUP(E6,ExchangeRates!A:B,2,FALSE))
F7: =IF(A7="","",IF(E7="EUR",D7,D7*VLOOKUP(E7,ExchangeRates!A:B,2,FALSE)))
F8: =IF(A8="","",IF(E8="EUR",D8,D8*VLOOKUP(E8,ExchangeRates!A:B,2,FALSE)))
F9: =IF(A9="","",IF(E9="EUR",D9,D9*VLOOKUP(E9,ExchangeRates!A:B,2,FALSE)))
F10: =IF(A10="","",IF(E10="EUR",D10,D10*VLOOKUP(E10,ExchangeRates!A:B,2,FALSE)))
F11: =IF(A11="","",IF(E11="EUR",D11,D11*VLOOKUP(E11,ExchangeRates!A:B,2,FALSE)))
F12: =IF(A12="","",IF(E12="EUR",D12,D12*VLOOKUP(E12,ExchangeRates!A:B,2,FALSE)))
F13: =IF(A13="","",IF(E13="EUR",D13,D13*VLOOKUP(E13,ExchangeRates!A:B,2,FALSE)))
F14: =IF(A14="","",IF(E14="EUR",D14,D14*VLOOKUP(E14,ExchangeRates!A:B,2,FALSE)))
F15: =IF(A15="","",IF(E15="EUR",D15,D15*VLOOKUP(E15,ExchangeRates!A:B,2,FALSE)))
F16: =IF(A16="","",IF(E16="EUR",D16,D16*VLOOKUP(E16,ExchangeRates!A:B,2,FALSE)))
F17: =IF(A17="","",IF(E17="EUR",D17,D17*VLOOKUP(E17,ExchangeRates!A:B,2,FALSE)))
F18: =IF(A18="","",IF(E18="EUR",D18,D18*VLOOKUP(E18,ExchangeRates!A:B,2,FALSE)))
... F66: =IF(A66="","",IF(E66="EUR",D66,D66*VLOOKUP(E66,ExchangeRates!A:B,2,FALSE)))

Sheet ExchangeRates
A1: Currency | B1: Rate
A2: USD | B2: 0.92
A3: GBP | B3: 1.17
A4: DKK | B4: 0.13
A5: PLN | B5: 0.23

Sheet Overview
A1: Category | B1: Planned | C1: Spent | D1: Remaining
A2: Accommodation | B2: 400 | D2: =B2-C2
A3: Transport | B3: 150 | D3: =B3-C3
A4: Food | B4: 200 | D4: =B4-C4
A5: Activities | B5: 250 | D5: =B5-C5
D6: =IF(A6="","",B6-C6)
D7: =IF(A7="","",B7-C7)
D8: =IF(A8="","",B8-C8)
D9: =IF(A9="","",B9-C9)
D10: =IF(A10="","",B10-C10)
D11: =IF(A11="","",B11-C11)
D12: =IF(A12="","",B12-C12)
D13: =IF(A13="","",B13-C13)
D14: =IF(A14="","",B14-C14)
D15: =IF(A15="","",B15-C15)
D16: =IF(A16="","",B16-C16)
D17: =IF(A17="","",B17-C17)
... D35: =IF(A35="","",B35-C35)
