Workbook

Sheet Start
C2: Ultimativer NRW Reisekosten-Tracker & Städteplaner für Selbstständige
C3: Professionelle Excel-Lösung zur exakten Planung und Nachverfolgung aller Reisekosten in NRW - inklusive automatischer Kilometerpauschalenberechnung und Übernachtungskostenoptimierung.
C5: So funktioniert's
B6: 1. | C6: Reisedaten und Route eingeben
B7: 2. | C7: Kostenkategorien auswählen
B8: 3. | C8: Ausgaben und Kilometer erfassen
B9: 4. | C9: Automatische Berechnungen nutzen
B10: 5. | C10: Auswertungen und Charts analysieren
B11: 6. | C11: Daten für die Steuererklärung exportieren
C13: Nur weiße Zellen ausfüllen – grüne Spalten rechnen automatisch.
C15: Zum Blatt
C16: → Übersicht
C17: → Reisen
C18: → Ausgaben
C20: Erstellt von Haiktec · haiktec.tech

Sheet Übersicht
B2: Übersicht – Ultimativer NRW Reisekosten-Tracker & Städteplaner für Selbs
B4: Kennzahlen
B5: Gesamtkosten | C5: =SUM('Reisen'!G2:G300)
B6: Durchschnitt pro Reise | C6: =AVERAGE('Reisen'!G2:G300)
B7: Höchste Einzelausgabe | C7: =MAX('Reisen'!G2:G300)
B8: Anzahl Reisen | C8: =COUNTA('Reisen'!A2:A300)
B9: Km insgesamt | C9: =SUM('Reisen'!E2:E300)
B10: MwSt gesamt | C10: =SUM('Ausgaben'!C2:C300)-SUM('Ausgaben'!E2:E300)

Sheet Reisen
A1: Datum | B1: Stadt | C1: Zweck | D1: Übernachtung | E1: km | F1: km-Pauschale | G1: Gesamt
A2: 46096 | B2: Köln | C2: Kundentermin | D2: 89 | E2: 120 | F2: =E2*0.35 | G2: =D2+F2
A3: 46097 | B3: Düsseldorf | C3: Messe | D3: 115 | E3: 45 | F3: =E3*0.35 | G3: =D3+F3
A4: 46098 | B4: Essen | C4: Lieferant | D4: 0 | E4: 80 | F4: =E4*0.35 | G4: =D4+F4
F5: =IF(A5="","",E5*0.35) | G5: =IF(A5="","",D5+F5)
F6: =IF(A6="","",E6*0.35) | G6: =IF(A6="","",D6+F6)
F7: =IF(A7="","",E7*0.35) | G7: =IF(A7="","",D7+F7)
F8: =IF(A8="","",E8*0.35) | G8: =IF(A8="","",D8+F8)
F9: =IF(A9="","",E9*0.35) | G9: =IF(A9="","",D9+F9)
F10: =IF(A10="","",E10*0.35) | G10: =IF(A10="","",D10+F10)
F11: =IF(A11="","",E11*0.35) | G11: =IF(A11="","",D11+F11)
F12: =IF(A12="","",E12*0.35) | G12: =IF(A12="","",D12+F12)
F13: =IF(A13="","",E13*0.35) | G13: =IF(A13="","",D13+F13)
F14: =IF(A14="","",E14*0.35) | G14: =IF(A14="","",D14+F14)
F15: =IF(A15="","",E15*0.35) | G15: =IF(A15="","",D15+F15)
F16: =IF(A16="","",E16*0.35) | G16: =IF(A16="","",D16+F16)
... F64: =IF(A64="","",E64*0.35) | G64: =IF(A64="","",D64+F64)

Sheet Ausgaben
A1: Datum | B1: Kategorie | C1: Betrag | D1: MwSt | E1: Netto
A2: 46096 | B2: Verpflegung | C2: 38.5 | D2: 0.19 | E2: =C2/(1+D2)
A3: 46096 | B3: Parken | C3: 12 | D3: 0.19 | E3: =C3/(1+D3)
A4: 46097 | B4: Taxi | C4: 28 | D4: 0.19 | E4: =C4/(1+D4)
E5: =IF(A5="","",C5/(1+D5))
E6: =IF(A6="","",C6/(1+D6))
E7: =IF(A7="","",C7/(1+D7))
E8: =IF(A8="","",C8/(1+D8))
E9: =IF(A9="","",C9/(1+D9))
E10: =IF(A10="","",C10/(1+D10))
E11: =IF(A11="","",C11/(1+D11))
E12: =IF(A12="","",C12/(1+D12))
E13: =IF(A13="","",C13/(1+D13))
E14: =IF(A14="","",C14/(1+D14))
E15: =IF(A15="","",C15/(1+D15))
E16: =IF(A16="","",C16/(1+D16))
... E64: =IF(A64="","",C64/(1+D64))
