Workbook

Sheet Start
C2: Ostsee & Nordsee Reisebudget-Tracker & Routeplaner für Selbstständige
C3: Professioneller Planer für stressfreie Geschäftsreisen an die Küste - mit automatischer Budgetberechnung und Routenoptimierung.
C5: So funktioniert's
B6: 1. | C6: Reiseziel und Daten eintragen
B7: 2. | C7: Kostenkategorien auswählen
B8: 3. | C8: Ausgaben erfassen
B9: 4. | C9: Route im Kartenblatt planen
B10: 5. | C10: Budget im Dashboard überwachen
B11: 6. | C11: Automatische Auswertungen nutzen
C13: Nur weiße Zellen ausfüllen – grüne Spalten rechnen automatisch.
C15: Zum Blatt
C16: → Übersicht
C17: → Ausgaben
C18: → Route
C19: → Orte
C21: Erstellt von Haiktec · haiktec.tech

Sheet Übersicht
B2: Übersicht – Ostsee & Nordsee Reisebudget-Tracker & Routeplaner für Selbs
B4: Kennzahlen
B5: Gesamtausgaben | C5: =SUM('Ausgaben'!D2:D300)
B6: Tägliche Durchschnittskosten | C6: =AVERAGE('Ausgaben'!D2:D300)
B7: Anzahl Termine | C7: =COUNTA('Route'!C2:C100)
B8: Gesamtkilometer | C8: =SUM('Route'!F2:F100)

Sheet Ausgaben
A1: Datum | B1: Kategorie | C1: Beschreibung | D1: Betrag | E1: Beleg
A2: 46096 | B2: Unterkunft | C2: Hotel Baltic | D2: 89.9 | E2: E-Mail
A3: 46096 | B3: Verpflegung | C3: Mittagessen | D3: 14.5 | E3: Kassenbon
A4: 46097 | B4: Transport | C4: Bahn-Ticket | D4: 32 | E4: Online
A5: 46097 | B5: Material | C5: Konferenzmaterial | D5: 24.99 | E5: Rechnung

Sheet Route
A1: Datum | B1: Uhrzeit | C1: Ort | D1: Zweck | E1: Dauer | F1: Entfernung
A2: 46096 | B2: 09:00 | C2: Rostock | D2: Kundenmeeting | E2: 2 | F2: =IF(D2="",0,VLOOKUP(D2,'Orte'!A$2:B$10,2,FALSE))
A3: 46096 | B3: 14:00 | C3: Warnemünde | D3: Location-Check | E3: 1 | F3: =IF(D3="",0,VLOOKUP(D3,'Orte'!A$2:B$10,2,FALSE))
A4: 46097 | B4: 10:30 | C4: Kiel | D4: Workshop | E4: 3 | F4: =IF(D4="",0,VLOOKUP(D4,'Orte'!A$2:B$10,2,FALSE))
F5: =IF(A5="","",IF(D5="",0,VLOOKUP(D5,'Orte'!A$2:B$10,2,FALSE)))
F6: =IF(A6="","",IF(D6="",0,VLOOKUP(D6,'Orte'!A$2:B$10,2,FALSE)))
F7: =IF(A7="","",IF(D7="",0,VLOOKUP(D7,'Orte'!A$2:B$10,2,FALSE)))
F8: =IF(A8="","",IF(D8="",0,VLOOKUP(D8,'Orte'!A$2:B$10,2,FALSE)))
F9: =IF(A9="","",IF(D9="",0,VLOOKUP(D9,'Orte'!A$2:B$10,2,FALSE)))
F10: =IF(A10="","",IF(D10="",0,VLOOKUP(D10,'Orte'!A$2:B$10,2,FALSE)))
F11: =IF(A11="","",IF(D11="",0,VLOOKUP(D11,'Orte'!A$2:B$10,2,FALSE)))
F12: =IF(A12="","",IF(D12="",0,VLOOKUP(D12,'Orte'!A$2:B$10,2,FALSE)))
F13: =IF(A13="","",IF(D13="",0,VLOOKUP(D13,'Orte'!A$2:B$10,2,FALSE)))
F14: =IF(A14="","",IF(D14="",0,VLOOKUP(D14,'Orte'!A$2:B$10,2,FALSE)))
F15: =IF(A15="","",IF(D15="",0,VLOOKUP(D15,'Orte'!A$2:B$10,2,FALSE)))
F16: =IF(A16="","",IF(D16="",0,VLOOKUP(D16,'Orte'!A$2:B$10,2,FALSE)))
... F34: =IF(A34="","",IF(D34="",0,VLOOKUP(D34,'Orte'!A$2:B$10,2,FALSE)))

Sheet Orte
A1: Ort | B1: Entfernung_km
A2: Rostock | B2: 0
A3: Warnemünde | B3: 15
A4: Kiel | B4: 120
A5: Lübeck | B5: 80
A6: Hamburg | B6: 180
