Workbook

Sheet Start
C2: Ostsee & Nordsee Reisekosten-Tracker & Budgetplaner
C3: Professionelle Budgetplanung für Ihre Küstenreisen - behalten Sie alle Ausgaben im Blick und optimieren Sie Ihre Reisekosten.
C5: So funktioniert's
B6: 1. | C6: Grunddaten Ihrer Reise eingeben
B7: 2. | C7: Budget für verschiedene Kategorien festlegen
B8: 3. | C8: Tägliche Ausgaben erfassen
B9: 4. | C9: Fortschritt live verfolgen
B10: 5. | C10: Auswertungen für zukünftige Reisen nutzen
C12: Nur weiße Zellen ausfüllen – grüne Spalten rechnen automatisch.
C14: Zum Blatt
C15: → Übersicht
C16: → Reiseplan
C17: → Budget
C18: → Tagesausgaben
C20: Erstellt von Haiktec · haiktec.tech

Sheet Übersicht
B2: Übersicht – Ostsee & Nordsee Reisekosten-Tracker & Budgetplaner
B4: Kennzahlen
B5: Gesamtausgaben | C5: =SUM('Tagesausgaben'!D2:D300)
B6: Ausgaben pro Tag | C6: =AVERAGE('Tagesausgaben'!D2:D300)
B7: Anzahl Einträge | C7: =COUNTA('Tagesausgaben'!A2:A300)
B8: Noch verfügbares Budget | C8: =SUM('Budget'!B2:B5)-SUM('Tagesausgaben'!D2:D300)
B9: Tage bis Reiseende | C9: =MAX('Reiseplan'!A2:A30)-TODAY()

Sheet Reiseplan
A1: Datum | B1: Ort | C1: Uebernachtung | D1: Verpflegung | E1: Aktivitaeten | F1: Transport | G1: Notizen
A2: 46174 | B2: Sylt | C2: 150 | D2: 45 | E2: 25 | F2: 32.5 | G2: Ferienwohnung
A3: 46175 | B3: Sylt | C3: 150 | D3: 38 | E3: 15 | F3: 12 | G3: Fahrradtour
A4: 46176 | B4: List | C4: 120 | D4: 28.5 | E4: 0 | F4: 18.5 | G4: Wanderung am Watt

Sheet Budget
A1: Kategorie | B1: Geplant | C1: Tatsaechlich | D1: Differenz
A2: Uebernachtung | B2: 800 | C2: 600 | D2: =C2-B2
A3: Verpflegung | B3: 350 | C3: 320 | D3: =C3-B3
A4: Aktivitaeten | B4: 200 | C4: 180 | D4: =C4-B4
A5: Transport | B5: 150 | C5: 125 | D5: =C5-B5
D6: =IF(A6="","",C6-B6)
D7: =IF(A7="","",C7-B7)
D8: =IF(A8="","",C8-B8)
D9: =IF(A9="","",C9-B9)
D10: =IF(A10="","",C10-B10)
D11: =IF(A11="","",C11-B11)
D12: =IF(A12="","",C12-B12)
D13: =IF(A13="","",C13-B13)
D14: =IF(A14="","",C14-B14)
D15: =IF(A15="","",C15-B15)
D16: =IF(A16="","",C16-B16)
D17: =IF(A17="","",C17-B17)
... D20: =IF(A20="","",C20-B20)

Sheet Tagesausgaben
A1: Datum | B1: Beschreibung | C1: Kategorie | D1: Betrag | E1: Bezahlmethode
A2: 46174 | B2: Zugticket | C2: Transport | D2: 89.9 | E2: Kreditkarte
A3: 46174 | B3: Abendessen | C3: Verpflegung | D3: 32.5 | E3: Bar
A4: 46175 | B4: Fahrradverleih | C4: Aktivitaeten | D4: 25 | E4: EC-Karte
