Workbook

Sheet Accueil
C2: Planificateur d'entraînement intelligent pour coachs et indépendants
C3: Optimisez la planification de vos séances et suivez la progression de vos clients. Un outil professionnel pour gagner du temps et maximiser l'efficacité.
C5: Mode d'emploi
B6: 1. | C6: Saisissez les informations clients dans l'onglet 'Clients'
B7: 2. | C7: Planifiez les séances dans 'Calendrier'
B8: 3. | C8: Suivez les progrès dans 'Progression'
B9: 4. | C9: Consultez les statistiques dans 'Dashboard'
B10: 5. | C10: Exportez les données si nécessaire
C12: Remplissez uniquement les cellules blanches – les colonnes vertes se calculent seules.
C14: Aller à la feuille
C15: → Tableau de bord
C16: → Clients
C17: → Calendrier
C18: → Progression
C20: Créé par Haiktec · haiktec.tech

Sheet Tableau de bord
B2: Tableau de bord – Planificateur d'entraînement intelligent pour coachs et indé
B4: Indicateurs
B5: Nombre clients | C5: =COUNTA('Clients'!B2:B100)
B6: Séances ce mois | C6: =COUNTIFS('Calendrier'!A2:A200,">="&EOMONTH(TODAY(),-1)+1,'Calendrier'!A2:A200,"<="&EOMONTH(TODAY(),0))
B7: CA mensuel | C7: =SUMIFS('Calendrier'!F2:F200,'Calendrier'!A2:A200,">="&EOMONTH(TODAY(),-1)+1,'Calendrier'!A2:A200,"<="&EOMONTH(TODAY(),0))
B8: Taux remplissage | C8: =COUNTIFS('Calendrier'!G2:G200,"Confirmé")/COUNT('Calendrier'!G2:G200)
B9: Progrès moyen | C9: =AVERAGE('Progression'!F2:F200)

Sheet Clients
A1: ID Client | B1: Nom | C1: Prénom | D1: Date inscription | E1: Objectif | F1: Niveau
A2: CL001 | B2: Dupont | C2: Jean | D2: 46032 | E2: Perte de poids | F2: Débutant
A3: CL002 | B3: Martin | C3: Sophie | D3: 46034 | E3: Préparation marathon | F3: Confirmé

Sheet Calendrier
A1: Date | B1: Heure | C1: ID Client | D1: Type séance | E1: Durée (h) | F1: Tarif | G1: Statut
A2: 46054 | B2: 08:00 | C2: CL001 | D2: Cardio | E2: 1 | F2: =IF(E2<=1,50,IF(E2<=1.5,65,80)) | G2: Confirmé
A3: 46054 | B3: 10:00 | C3: CL002 | D3: Renforcement | E3: 1.5 | F3: =IF(E3<=1,50,IF(E3<=1.5,65,80)) | G3: Planifié
F4: =IF(A4="","",IF(E4<=1,50,IF(E4<=1.5,65,80)))
F5: =IF(A5="","",IF(E5<=1,50,IF(E5<=1.5,65,80)))
F6: =IF(A6="","",IF(E6<=1,50,IF(E6<=1.5,65,80)))
F7: =IF(A7="","",IF(E7<=1,50,IF(E7<=1.5,65,80)))
F8: =IF(A8="","",IF(E8<=1,50,IF(E8<=1.5,65,80)))
F9: =IF(A9="","",IF(E9<=1,50,IF(E9<=1.5,65,80)))
F10: =IF(A10="","",IF(E10<=1,50,IF(E10<=1.5,65,80)))
F11: =IF(A11="","",IF(E11<=1,50,IF(E11<=1.5,65,80)))
F12: =IF(A12="","",IF(E12<=1,50,IF(E12<=1.5,65,80)))
F13: =IF(A13="","",IF(E13<=1,50,IF(E13<=1.5,65,80)))
F14: =IF(A14="","",IF(E14<=1,50,IF(E14<=1.5,65,80)))
F15: =IF(A15="","",IF(E15<=1,50,IF(E15<=1.5,65,80)))
... F103: =IF(A103="","",IF(E103<=1,50,IF(E103<=1.5,65,80)))

Sheet Progression
A1: Date | B1: ID Client | C1: Poids (kg) | D1: IMC | E1: % Graisse | F1: Performance
A2: 46054 | B2: CL001 | C2: 75 | D2: =C2/((D2/100)^2) | E2: 25 | F2: 3
A3: 46054 | B3: CL002 | C3: 62 | D3: =C3/((D3/100)^2) | E3: 22 | F3: 5
D4: =IF(A4="","",C4/((D4/100)^2))
D5: =IF(A5="","",C5/((D5/100)^2))
D6: =IF(A6="","",C6/((D6/100)^2))
D7: =IF(A7="","",C7/((D7/100)^2))
D8: =IF(A8="","",C8/((D8/100)^2))
D9: =IF(A9="","",C9/((D9/100)^2))
D10: =IF(A10="","",C10/((D10/100)^2))
D11: =IF(A11="","",C11/((D11/100)^2))
D12: =IF(A12="","",C12/((D12/100)^2))
D13: =IF(A13="","",C13/((D13/100)^2))
D14: =IF(A14="","",C14/((D14/100)^2))
D15: =IF(A15="","",C15/((D15/100)^2))
... D203: =IF(A203="","",C203/((D203/100)^2))
