Workbook

Sheet Accueil
C2: Planificateur de Voyage dans la Forêt Noire - Budget & Itinéraire pour Guides Touristiques
C3: Outil complet pour planifier, budgéter et optimiser les itinéraires touristiques en Forêt Noire. Suivi des dépenses et gestion des réservations en temps réel.
C5: Mode d'emploi
B6: 1. | C6: Saisissez les informations des clients
B7: 2. | C7: Planifiez l'itinéraire jour par jour
B8: 3. | C8: Enregistrez les réservations et dépenses
B9: 4. | C9: Consultez le dashboard pour le suivi
B10: 5. | C10: Exportez les données si nécessaire
C12: Remplissez uniquement les cellules blanches – les colonnes vertes se calculent seules.
C14: Aller à la feuille
C15: → Tableau de bord
C16: → Clients
C17: → Itineraire
C18: → Budget
C20: Créé par Haiktec · haiktec.tech

Sheet Tableau de bord
B2: Tableau de bord – Planificateur de Voyage dans la Forêt Noire - Budget & Itiné
B4: Indicateurs
B5: Total dépenses | C5: =SUM(Budget!D2:D100)
B6: Total restant | C6: =SUM(Budget!F2:F100)
B7: Groupes prévus | C7: =COUNTA(Clients!B2:B30)
B8: Activités planifiées | C8: =COUNTA(Itineraire!B2:B100)
B9: Dépenses moyennes/jour | C9: =AVERAGE(Itineraire!E2:E100)
B10: Prochain groupe | C10: =MIN(Clients!A2:A30)

Sheet Clients
A1: Date arrivée | B1: Groupe | C1: Nombre | D1: Langue | E1: Spécificités
A2: 46157 | B2: Famille Dupont | C2: 4 | D2: FR | E2: Enfants 8&12 ans
A3: 46175 | B3: Couple Müller | C3: 2 | D3: DE | E3: Randonnée
A4: 46223 | B4: Groupe scolaire | C4: 24 | D4: EN | E4: Visites culturelles

Sheet Itineraire
A1: Jour | B1: Activité | C1: Lieu | D1: Heure | E1: Coût | F1: Transport
A2: 46158 | B2: Visite château Hohenzollern | C2: Bisingen | D2: 09:00-12:00 | E2: =IF(E2>100, E2*0.95, E2) | F2: Minibus
A3: 46158 | B3: Déjeuner typique | C3: Tübingen | D3: 12:30-14:00 | E3: =IF(E3>100, E3*0.95, E3) | F3: À pied
A4: 46159 | B4: Randonnée Triberg | C4: Triberg | D4: 08:30-16:00 | E4: =IF(E4>100, E4*0.95, E4) | F4: Minibus
E5: =IF(A5="","",IF(E5>100, E5*0.95, E5))
E6: =IF(A6="","",IF(E6>100, E6*0.95, E6))
E7: =IF(A7="","",IF(E7>100, E7*0.95, E7))
E8: =IF(A8="","",IF(E8>100, E8*0.95, E8))
E9: =IF(A9="","",IF(E9>100, E9*0.95, E9))
E10: =IF(A10="","",IF(E10>100, E10*0.95, E10))
E11: =IF(A11="","",IF(E11>100, E11*0.95, E11))
E12: =IF(A12="","",IF(E12>100, E12*0.95, E12))
E13: =IF(A13="","",IF(E13>100, E13*0.95, E13))
E14: =IF(A14="","",IF(E14>100, E14*0.95, E14))
E15: =IF(A15="","",IF(E15>100, E15*0.95, E15))
E16: =IF(A16="","",IF(E16>100, E16*0.95, E16))
... E44: =IF(A44="","",IF(E44>100, E44*0.95, E44))

Sheet Budget
A1: Date | B1: Catégorie | C1: Description | D1: Montant | E1: Payé | F1: Reste
A2: 46132 | B2: Hébergement | C2: Hotel Schwarzwaldhof (3 nuits) | D2: 750 | E2: 750 | F2: =D2-E2
A3: 46137 | B3: Transport | C3: Location minibus | D3: 400 | E3: 200 | F3: =D3-E3
A4: 46143 | B4: Nourriture | C4: Dépôt traiteur | D4: 300 | E4: 150 | F4: =D4-E4
F5: =IF(A5="","",D5-E5)
F6: =IF(A6="","",D6-E6)
F7: =IF(A7="","",D7-E7)
F8: =IF(A8="","",D8-E8)
F9: =IF(A9="","",D9-E9)
F10: =IF(A10="","",D10-E10)
F11: =IF(A11="","",D11-E11)
F12: =IF(A12="","",D12-E12)
F13: =IF(A13="","",D13-E13)
F14: =IF(A14="","",D14-E14)
F15: =IF(A15="","",D15-E15)
F16: =IF(A16="","",D16-E16)
... F54: =IF(A54="","",D54-E54)
