Workbook

Sheet Accueil
C2: Planificateur de Budget & Itinéraire pour le Voyage en Forêt-Noire
C3: Organisez votre voyage en Forêt-Noire sans stress avec ce planificateur complet : budget, itinéraire et dépenses en un seul outil professionnel
C5: Mode d'emploi
B6: 1. | C6: Entrez vos dates de voyage et destinations principales
B7: 2. | C7: Planifiez votre budget total et répartissez par catégories
B8: 3. | C8: Saisissez vos réservations (hébergement, transport)
B9: 4. | C9: Ajoutez vos activités et visites prévues
B10: 5. | C10: Suivez vos dépenses quotidiennes en temps réel
B11: 6. | C11: Consultez les tableaux de bord pour ajuster votre budget
C13: Remplissez uniquement les cellules blanches – les colonnes vertes se calculent seules.
C15: Aller à la feuille
C16: → Tableau de bord
C17: → Budget
C18: → Itinéraire
C20: Créé par Haiktec · haiktec.tech

Sheet Tableau de bord
B2: Tableau de bord – Planificateur de Budget & Itinéraire pour le Voyage en Forêt
B4: Indicateurs
B5: Budget total | C5: =SUM('Budget'!D2:D100)
B6: Dépenses payées | C6: =SUM('Budget'!E2:E100)
B7: Reste à payer | C7: =KPI1-KPI2
B8: Nombre d'activités | C8: =COUNTA('Itinéraire'!D2:D50)
B9: Dépenses moyennes/jour | C9: =AVERAGE('Budget'!D2:D100)
B10: Nuitées | C10: =COUNTIF('Budget'!B2:B100,"Hébergement")

Sheet Budget
A1: Date | B1: Catégorie | C1: Description | D1: Montant | E1: Payé
A2: 46188 | B2: Hébergement | C2: Hôtel Belle Vue 3 nuits | D2: 450 | E2: =D2*0.8
A3: 46188 | B3: Transport | C3: Location voiture | D3: 210 | E3: =D3*0.8
A4: 46189 | B4: Activités | C4: Billet Parc Naturel | D4: 24 | E4: =D4*0.8
A5: 46189 | B5: Nourriture | C5: Supermarché | D5: 85 | E5: =D5*0.8
A6: 46190 | B6: Activités | C6: Guide local 1 journée | D6: 90 | E6: =D6*0.8
A7: 46190 | B7: Transport | C7: Essence | D7: 65 | E7: =D7*0.8
A8: 46191 | B8: Souvenirs | C8: Artisanat local | D8: 45 | E8: =D8*0.8
A9: 46191 | B9: Imprévus | C9: Pharmacie | D9: 28 | E9: =D9*0.8
E10: =IF(A10="","",D10*0.8)
E11: =IF(A11="","",D11*0.8)
E12: =IF(A12="","",D12*0.8)
E13: =IF(A13="","",D13*0.8)
E14: =IF(A14="","",D14*0.8)
E15: =IF(A15="","",D15*0.8)
E16: =IF(A16="","",D16*0.8)
E17: =IF(A17="","",D17*0.8)
E18: =IF(A18="","",D18*0.8)
E19: =IF(A19="","",D19*0.8)
E20: =IF(A20="","",D20*0.8)
E21: =IF(A21="","",D21*0.8)
... E59: =IF(A59="","",D59*0.8)

Sheet Itinéraire
A1: Date | B1: Jour | C1: Destination | D1: Activités | E1: Budget
A2: 46188 | B2: Jour 1 | C2: Titisee-Neustadt | D2: Arrivée, installation, visite lac | E2: 120
A3: 46189 | B3: Jour 2 | C3: Feldberg | D3: Randonnée, musée | E3: 95
A4: 46190 | B4: Jour 3 | C4: Triberg | D4: Cascade, horloge coucou | E4: 110
A5: 46191 | B5: Jour 4 | C5: Fribourg | D5: Visite vieille ville | E5: 80
