Workbook

Sheet Accueil
C2: Planificateur de Budget de Voyage pour Berlin et Potsdam : Suivi des Dépenses & Itinéraire
C3: Organisez votre voyage à Berlin et Potsdam en toute sérénité avec ce planificateur de budget et itinéraire professionnel.
C5: Mode d'emploi
B6: 1. | C6: Ajoutez vos principales destinations dans l'onglet Itinéraire.
B7: 2. | C7: Estimez vos dépenses dans l'onglet Budget.
B8: 3. | C8: Suivez vos dépenses réelles dans l'onglet Dépenses.
B9: 4. | C9: Visualiser les graphiques pour mieux comprendre vos dépenses.
B10: 5. | C10: Optimisez votre itinéraire en fonction de votre budget.
C12: Remplissez uniquement les cellules blanches – les colonnes vertes se calculent seules.
C14: Aller à la feuille
C15: → Tableau de bord
C16: → Itinéraire
C17: → Budget
C18: → Dépenses
C20: Créé par Haiktec · haiktec.tech

Sheet Tableau de bord
B2: Tableau de bord – Planificateur de Budget de Voyage pour Berlin et Potsdam : S
B4: Indicateurs
B5: Budget Total Utilisé | C5: =SUM(Dépenses!D2:D300)
B6: Budget Restant | C6: =SUM(Budget!B2:B300)-SUM(Budget!C2:C300)
B7: Nombre de Dépenses | C7: =COUNTA(Dépenses!A2:A300)
B8: Nombre de Destinations | C8: =COUNTA(Itinéraire!A2:A300)

Sheet Itinéraire
A1: Date | B1: Destination | C1: Type | D1: Heure | E1: Note
A2: 46096 | B2: Porte de Brandebourg | C2: Visite | D2: 10:00
A3: 46096 | B3: Musée de Pergame | C3: Visite | D3: 14:00

Sheet Budget
A1: Catégorie | B1: Prévu | C1: Réel
A2: Transport | B2: 150 | C2: =SUMIF(Dépenses!B:B,A2,Dépenses!D:D)
A3: Repas | B3: 200 | C3: =SUMIF(Dépenses!B:B,A3,Dépenses!D:D)
C4: =IF(A4="","",SUMIF(Dépenses!B:B,A4,Dépenses!D:D))
C5: =IF(A5="","",SUMIF(Dépenses!B:B,A5,Dépenses!D:D))
C6: =IF(A6="","",SUMIF(Dépenses!B:B,A6,Dépenses!D:D))
C7: =IF(A7="","",SUMIF(Dépenses!B:B,A7,Dépenses!D:D))
C8: =IF(A8="","",SUMIF(Dépenses!B:B,A8,Dépenses!D:D))
C9: =IF(A9="","",SUMIF(Dépenses!B:B,A9,Dépenses!D:D))
C10: =IF(A10="","",SUMIF(Dépenses!B:B,A10,Dépenses!D:D))
C11: =IF(A11="","",SUMIF(Dépenses!B:B,A11,Dépenses!D:D))
C12: =IF(A12="","",SUMIF(Dépenses!B:B,A12,Dépenses!D:D))
C13: =IF(A13="","",SUMIF(Dépenses!B:B,A13,Dépenses!D:D))
C14: =IF(A14="","",SUMIF(Dépenses!B:B,A14,Dépenses!D:D))
C15: =IF(A15="","",SUMIF(Dépenses!B:B,A15,Dépenses!D:D))
... C33: =IF(A33="","",SUMIF(Dépenses!B:B,A33,Dépenses!D:D))

Sheet Dépenses
A1: Date | B1: Catégorie | C1: Détail | D1: Montant
A2: 46096 | B2: Transport | C2: Taxi | D2: 25
A3: 46096 | B3: Repas | C3: Déjeuner | D3: 30
