Workbook

Sheet Accueil
C2: Planificateur de Voyage Intelligent & Liste de Bagages - Modèle Professionnel 2026
C3: Organisez vos voyages sans stress avec ce planificateur tout-en-un : suivi du budget, itinéraire détaillé et liste de bagages intelligente. Parfait pour les familles et voyageurs fréquents !
C5: Mode d'emploi
B6: 1. | C6: Configurez vos dates et destination
B7: 2. | C7: Saisissez vos dépenses prévues (transport, logement, etc.)
B8: 3. | C8: Planifiez votre itinéraire jour par jour
B9: 4. | C9: Utilisez les listes de bagages pré-remplies
B10: 5. | C10: Visualisez votre budget avec les graphiques
B11: 6. | C11: Imprimez ou exportez avant de partir
C13: Remplissez uniquement les cellules blanches – les colonnes vertes se calculent seules.
C15: Aller à la feuille
C16: → Tableau de bord
C17: → Budget
C18: → Itineraire
C19: → Bagages
C21: Créé par Haiktec · haiktec.tech

Sheet Tableau de bord
B2: Tableau de bord – Planificateur de Voyage Intelligent & Liste de Bagages - Mod
B4: Indicateurs
B5: Budget total | C5: =SUM('Budget'!D2:D300)
B6: Dépenses payées | C6: =SUM('Budget'!E2:E300)
B7: % budget utilisé | C7: =SUM('Budget'!E2:E300)/SUM('Budget'!D2:D300)
B8: Jours de voyage | C8: =COUNTA('Itineraire'!A2:A300)
B9: Articles à prendre | C9: =COUNTA('Bagages'!D2:D300)

Sheet Budget
A1: Date | B1: Catégorie | C1: Description | D1: Montant | E1: Payé
A2: 46154 | B2: Transport | C2: Billets de train | D2: 150 | E2: =IF(ISBLANK(E2),"",E2)
A3: 46157 | B3: Hébergement | C3: Hôtel 3 nuits | D3: 450 | E3: =IF(ISBLANK(E3),"",E3)
A4: 46162 | B4: Nourriture | C4: Restaurants | D4: 200 | E4: =IF(ISBLANK(E4),"",E4)
A5: 46160 | B5: Activités | C5: Musées | D5: 80 | E5: =IF(ISBLANK(E5),"",E5)
A6: 46154 | B6: Assurance | C6: Assurance voyage | D6: 60 | E6: =IF(ISBLANK(E6),"",E6)
E7: =IF(A7="","",IF(ISBLANK(E7),"",E7))
E8: =IF(A8="","",IF(ISBLANK(E8),"",E8))
E9: =IF(A9="","",IF(ISBLANK(E9),"",E9))
E10: =IF(A10="","",IF(ISBLANK(E10),"",E10))
E11: =IF(A11="","",IF(ISBLANK(E11),"",E11))
E12: =IF(A12="","",IF(ISBLANK(E12),"",E12))
E13: =IF(A13="","",IF(ISBLANK(E13),"",E13))
E14: =IF(A14="","",IF(ISBLANK(E14),"",E14))
E15: =IF(A15="","",IF(ISBLANK(E15),"",E15))
E16: =IF(A16="","",IF(ISBLANK(E16),"",E16))
E17: =IF(A17="","",IF(ISBLANK(E17),"",E17))
E18: =IF(A18="","",IF(ISBLANK(E18),"",E18))
... E66: =IF(A66="","",IF(ISBLANK(E66),"",E66))

Sheet Itineraire
A1: Jour | B1: Date | C1: Activité | D1: Lieu | E1: Heure | F1: Note
A2: Jour 1 | B2: 46157 | C2: Arrivée & installation | D2: Hôtel du Nord | E2: 14h
A3: Jour 2 | B3: 46158 | C3: Visite musée | D3: Musée d'Art | E3: 10h-12h | F3: Réservation faite

Sheet Bagages
A1: Catégorie | B1: Article | C1: Quantité | D1: Pris
A2: Vêtements | B2: T-shirts | C2: 5 | D2: =IF(C2>0,"À prendre","")
A3: Vêtements | B3: Pantalons | C3: 3 | D3: =IF(C3>0,"À prendre","")
A4: Toilette | B4: Brosse à dents | C4: 1 | D4: =IF(C4>0,"À prendre","")
A5: Électronique | B5: Chargeur téléphone | C5: 1 | D5: =IF(C5>0,"À prendre","")
D6: =IF(A6="","",IF(C6>0,"À prendre",""))
D7: =IF(A7="","",IF(C7>0,"À prendre",""))
D8: =IF(A8="","",IF(C8>0,"À prendre",""))
D9: =IF(A9="","",IF(C9>0,"À prendre",""))
D10: =IF(A10="","",IF(C10>0,"À prendre",""))
D11: =IF(A11="","",IF(C11>0,"À prendre",""))
D12: =IF(A12="","",IF(C12>0,"À prendre",""))
D13: =IF(A13="","",IF(C13>0,"À prendre",""))
D14: =IF(A14="","",IF(C14>0,"À prendre",""))
D15: =IF(A15="","",IF(C15>0,"À prendre",""))
D16: =IF(A16="","",IF(C16>0,"À prendre",""))
D17: =IF(A17="","",IF(C17>0,"À prendre",""))
... D105: =IF(A105="","",IF(C105>0,"À prendre",""))
