Workbook

Sheet Accueil
C2: Planificateur de Mariage Professionnel & Suivi des Dépenses
C3: Gérez facilement le budget et les tâches de votre mariage avec ce tableau de bord complet et personnalisable. Suivez toutes les dépenses et deadlines en un clin d'œil.
C5: Mode d'emploi
B6: 1. | C6: Configurez votre budget global dans l'onglet Budget
B7: 2. | C7: Ajoutez tous vos fournisseurs avec leurs prestations
B8: 3. | C8: Saisissez chaque dépense au fur et à mesure
B9: 4. | C9: Suivez l'avancement des tâches dans le planning
B10: 5. | C10: Consultez le dashboard pour voir l'état global
B11: 6. | C11: Personnalisez les catégories si nécessaire
B12: 7. | C12: Exportez les données pour partager avec vos proches
C14: Remplissez uniquement les cellules blanches – les colonnes vertes se calculent seules.
C16: Aller à la feuille
C17: → Tableau de bord
C18: → Budget
C19: → Planning
C21: Créé par Haiktec · haiktec.tech

Sheet Tableau de bord
B2: Tableau de bord – Planificateur de Mariage Professionnel & Suivi des Dépenses
B4: Indicateurs
B5: Budget total prévu | C5: =SUM('Budget'!E2:E300)
B6: Dépenses réelles | C6: =SUM('Budget'!F2:F300)
B7: Écart global | C7: =SUM('Budget'!E2:E300)-SUM('Budget'!F2:F300)
B8: Pourcentage dépensé | C8: =SUM('Budget'!F2:F300)/SUM('Budget'!E2:E300)
B9: Tâches terminées | C9: =COUNTIF('Planning'!D2:D300,"Terminé")
B10: Jours restants | C10: =MIN('Planning'!E2:E300)-TODAY()

Sheet Budget
A1: Date | B1: Catégorie | C1: Fournisseur | D1: Description | E1: Montant prévu | F1: Montant réel | G1: Écart
A2: 46188 | B2: Traiteur | C2: Délices & Co | D2: Repas 50 personnes | E2: 4500 | F2: 4750 | G2: =E2-F2
A3: 46162 | B3: Photographe | C3: Studio Lumières | D3: Forfait 8h | E3: 1800 | F3: 1800 | G3: =E3-F3
A4: 46122 | B4: Lieu | C4: Château BelleVue | D4: Location weekend | E4: 3200 | F4: 3200 | G4: =E4-F4
A5: 46081 | B5: Animation | C5: DJ Wedding | D5: Soirée 5h | E5: 800 | G5: =E5-F5
A6: 46096 | B6: Robe | C6: Atelier de la Mariée | D6: Robe sur mesure | E6: 2500 | F6: 2300 | G6: =E6-F6
A7: 46052 | B7: Alliances | C7: Bijouterie du Cœur | D7: 2 alliances or | E7: 1500 | F7: 1420 | G7: =E7-F7
A8: 46143 | B8: Décoration | C8: Fleurs & Sens | D8: Décoration salle | E8: 1200 | G8: =E8-F8
A9: 46174 | B9: Voiture | C9: Prestige Auto | D9: 2 voitures 6h | E9: 600 | F9: 600 | G9: =E9-F9
G10: =IF(A10="","",E10-F10)
G11: =IF(A11="","",E11-F11)
G12: =IF(A12="","",E12-F12)
G13: =IF(A13="","",E13-F13)
G14: =IF(A14="","",E14-F14)
G15: =IF(A15="","",E15-F15)
G16: =IF(A16="","",E16-F16)
G17: =IF(A17="","",E17-F17)
G18: =IF(A18="","",E18-F18)
G19: =IF(A19="","",E19-F19)
G20: =IF(A20="","",E20-F20)
G21: =IF(A21="","",E21-F21)
... G59: =IF(A59="","",E59-F59)

Sheet Planning
A1: Date | B1: Tâche | C1: Responsable | D1: Statut | E1: Deadline | F1: Jours restants
A2: 46037 | B2: Réserver lieu | C2: Marie | D2: Terminé | E2: 46068 | F2: =E2-TODAY()
A3: 46054 | B3: Choisir traiteur | C3: Pierre | D3: En cours | E3: 46082 | F3: =E3-TODAY()
A4: 46073 | B4: Commander alliances | C4: Pierre | D4: A faire | E4: 46096 | F4: =E4-TODAY()
A5: 46091 | B5: Essayer robes | C5: Marie | D5: En cours | E5: 46122 | F5: =E5-TODAY()
A6: 46113 | B6: Envoyer faire-part | C6: Tous | D6: A faire | E6: 46143 | F6: =E6-TODAY()
A7: 46157 | B7: Réception robe | C7: Marie | D7: A faire | E7: 46174 | F7: =E7-TODAY()
A8: 46172 | B8: Confirmation fournisseurs | C8: Pierre | D8: A faire | E8: 46183 | F8: =E8-TODAY()
A9: 46185 | B9: Dernier point organisation | C9: Tous | D9: A faire | E9: 46193 | F9: =E9-TODAY()
F10: =IF(A10="","",E10-TODAY())
F11: =IF(A11="","",E11-TODAY())
F12: =IF(A12="","",E12-TODAY())
F13: =IF(A13="","",E13-TODAY())
F14: =IF(A14="","",E14-TODAY())
F15: =IF(A15="","",E15-TODAY())
F16: =IF(A16="","",E16-TODAY())
F17: =IF(A17="","",E17-TODAY())
F18: =IF(A18="","",E18-TODAY())
F19: =IF(A19="","",E19-TODAY())
F20: =IF(A20="","",E20-TODAY())
F21: =IF(A21="","",E21-TODAY())
... F49: =IF(A49="","",E49-TODAY())
