Workbook

Sheet Accueil
C2: Planificateur de Voyage en NRW: Budget & Itinéraire pour Explorateurs Urbains
C3: Outil tout-en-un pour planifier vos dépenses et itinéraires en NRW. Suivez votre budget, organisez vos visites et découvrez les meilleurs spots comme un local.
C5: Mode d'emploi
B6: 1. | C6: Entrez vos dépenses prévues dans l'onglet Budget
B7: 2. | C7: Planifiez vos journées dans l'onglet Itinéraire
B8: 3. | C8: Consultez le dashboard pour voir votre situation financière
B9: 4. | C9: Utilisez nos suggestions de catégories pour les dépenses
B10: 5. | C10: Ajoutez des notes sur vos visites préférées
B11: 6. | C11: Exportez vos données pour les partager avec vos compagnons de voyage
C13: Remplissez uniquement les cellules blanches – les colonnes vertes se calculent seules.
C15: Aller à la feuille
C16: → Tableau de bord
C17: → Budget
C18: → Itineraire
C20: Créé par Haiktec · haiktec.tech

Sheet Tableau de bord
B2: Tableau de bord – Planificateur de Voyage en NRW: Budget & Itinéraire pour Exp
B4: Indicateurs
B5: Budget total | C5: =SUM('Budget'!D2:D300)
B6: Dépenses effectuées | C6: =SUM('Budget'!E2:E300)
B7: Activités prévues | C7: =COUNTA('Itineraire'!B2:B300)
B8: Activités réalisées | C8: =COUNTIF('Itineraire'!E2:E300,"Oui")
B9: Jours restants | C9: =MAX('Itineraire'!A2:A300)-TODAY()
B10: Dépenses moyennes/jour | C10: =AVERAGE('Budget'!D2:D300)

Sheet Budget
A1: Date | B1: Catégorie | C1: Description | D1: Montant | E1: Payé
A2: 46157 | B2: Transport | C2: Train Paris-Cologne | D2: 79 | E2: =IF(TODAY()>=A2,D2,0)
A3: 46158 | B3: Nourriture | C3: Dîner à Cologne | D3: 32.5 | E3: =IF(TODAY()>=A3,D3,0)
A4: 46159 | B4: Logement | C4: Hôtel 3 étoiles Düsseldorf | D4: 120 | E4: =IF(TODAY()>=A4,D4,0)
A5: 46160 | B5: Activités | C5: Visite musée du football Dortmund | D5: 15 | E5: =IF(TODAY()>=A5,D5,0)
A6: 46161 | B6: Shopping | C6: Souvenirs | D6: 45 | E6: =IF(TODAY()>=A6,D6,0)
E7: =IF(A7="","",IF(TODAY()>=A7,D7,0))
E8: =IF(A8="","",IF(TODAY()>=A8,D8,0))
E9: =IF(A9="","",IF(TODAY()>=A9,D9,0))
E10: =IF(A10="","",IF(TODAY()>=A10,D10,0))
E11: =IF(A11="","",IF(TODAY()>=A11,D11,0))
E12: =IF(A12="","",IF(TODAY()>=A12,D12,0))
E13: =IF(A13="","",IF(TODAY()>=A13,D13,0))
E14: =IF(A14="","",IF(TODAY()>=A14,D14,0))
E15: =IF(A15="","",IF(TODAY()>=A15,D15,0))
E16: =IF(A16="","",IF(TODAY()>=A16,D16,0))
E17: =IF(A17="","",IF(TODAY()>=A17,D17,0))
E18: =IF(A18="","",IF(TODAY()>=A18,D18,0))
... E66: =IF(A66="","",IF(TODAY()>=A66,D66,0))

Sheet Itineraire
A1: Date | B1: Lieu | C1: Activité | D1: Priorité | E1: Réalisé
A2: 46157 | B2: Cologne | C2: Visite cathédrale | D2: 1 | E2: =IF(TODAY()>A2,"Oui","Non")
A3: 46158 | B3: Cologne | C3: Musée du chocolat | D3: 2 | E3: =IF(TODAY()>A3,"Oui","Non")
A4: 46159 | B4: Düsseldorf | C4: Promenade Rhénanie | D4: 1 | E4: =IF(TODAY()>A4,"Oui","Non")
A5: 46160 | B5: Dortmund | C5: Stade Signal Iduna | D5: 1 | E5: =IF(TODAY()>A5,"Oui","Non")
A6: 46161 | B6: Essen | C6: Mine Zollverein | D6: 2 | E6: =IF(TODAY()>A6,"Oui","Non")
E7: =IF(A7="","",IF(TODAY()>A7,"Oui","Non"))
E8: =IF(A8="","",IF(TODAY()>A8,"Oui","Non"))
E9: =IF(A9="","",IF(TODAY()>A9,"Oui","Non"))
E10: =IF(A10="","",IF(TODAY()>A10,"Oui","Non"))
E11: =IF(A11="","",IF(TODAY()>A11,"Oui","Non"))
E12: =IF(A12="","",IF(TODAY()>A12,"Oui","Non"))
E13: =IF(A13="","",IF(TODAY()>A13,"Oui","Non"))
E14: =IF(A14="","",IF(TODAY()>A14,"Oui","Non"))
E15: =IF(A15="","",IF(TODAY()>A15,"Oui","Non"))
E16: =IF(A16="","",IF(TODAY()>A16,"Oui","Non"))
E17: =IF(A17="","",IF(TODAY()>A17,"Oui","Non"))
E18: =IF(A18="","",IF(TODAY()>A18,"Oui","Non"))
... E46: =IF(A46="","",IF(TODAY()>A46,"Oui","Non"))
