Workbook

Sheet Start
C2: Prüfungsvorbereitungs-Tracker für Studierende: Lernplan, Fortschritt & Zeitmanagement
C3: Professionelle Excel-Vorlage für strukturierte Prüfungsvorbereitung mit Lernplan, Fortschrittskontrolle und Zeitmanagement. Spart Zeit und erhöht den Lernerfolg.
C5: So funktioniert's
B6: 1. | C6: Lernfächer und -themen eintragen
B7: 2. | C7: Prioritäten und Gewichtung festlegen
B8: 3. | C8: Individuellen Lernplan erstellen
B9: 4. | C9: Tägliche Lernzeiten protokollieren
B10: 5. | C10: Fortschritt kontinuierlich dokumentieren
B11: 6. | C11: KPIs und Auswertungen nutzen
C13: Nur weiße Zellen ausfüllen – grüne Spalten rechnen automatisch.
C15: Zum Blatt
C16: → Übersicht
C17: → Lernplan
C18: → Fortschritt
C20: Erstellt von Haiktec · haiktec.tech

Sheet Übersicht
B2: Übersicht – Prüfungsvorbereitungs-Tracker für Studierende: Lernplan, For
B4: Kennzahlen
B5: Gesamt Lernzeit | C5: =SUM('Lernplan'!E2:E300)
B6: Verbleibende Lernzeit | C6: =SUM('Lernplan'!E2:E300)-SUM('Lernplan'!F2:F300)
B7: Durchschnitt Abweichung | C7: =AVERAGE('Fortschritt'!E2:E52)
B8: Top Priorität Fach | C8: =INDEX('Lernplan'!B2:B300,MATCH(MAX('Lernplan'!D2:D300),'Lernplan'!D2:D300,0))
B9: Fortschritt gesamt | C9: =AVERAGE('Fortschritt'!F2:F52)
B10: Tage bis Prüfung | C10: =DATE(2026,4,30)-TODAY()

Sheet Lernplan
A1: Datum | B1: Fach | C1: Thema | D1: Priorität | E1: Geplante Dauer | F1: Tatsächliche Dauer | G1: Status
A2: 46096 | B2: BWL | C2: Kostenrechnung | D2: Hoch | E2: 2 | G2: =IF(F2>0,"Erledigt","Offen")
A3: 46097 | B3: VWL | C3: Marktformen | D3: Mittel | E3: 1.5 | F3: 1.75 | G3: =IF(F3>0,"Erledigt","Offen")
A4: 46098 | B4: Recht | C4: Vertragsrecht | D4: Hoch | E4: 3 | G4: =IF(F4>0,"Erledigt","Offen")
A5: 46099 | B5: Statistik | C5: Hypothesentests | D5: Hoch | E5: 2.5 | G5: =IF(F5>0,"Erledigt","Offen")
A6: 46100 | B6: BWL | C6: Finanzierung | D6: Mittel | E6: 2 | F6: 2.25 | G6: =IF(F6>0,"Erledigt","Offen")
A7: 46101 | B7: VWL | C7: Geldpolitik | D7: Mittel | E7: 1.5 | G7: =IF(F7>0,"Erledigt","Offen")
A8: 46102 | B8: Recht | C8: Handelsrecht | D8: Niedrig | E8: 1 | F8: 1 | G8: =IF(F8>0,"Erledigt","Offen")
A9: 46103 | B9: Statistik | C9: Regression | D9: Hoch | E9: 3 | G9: =IF(F9>0,"Erledigt","Offen")
G10: =IF(A10="","",IF(F10>0,"Erledigt","Offen"))
G11: =IF(A11="","",IF(F11>0,"Erledigt","Offen"))
G12: =IF(A12="","",IF(F12>0,"Erledigt","Offen"))
G13: =IF(A13="","",IF(F13>0,"Erledigt","Offen"))
G14: =IF(A14="","",IF(F14>0,"Erledigt","Offen"))
G15: =IF(A15="","",IF(F15>0,"Erledigt","Offen"))
G16: =IF(A16="","",IF(F16>0,"Erledigt","Offen"))
G17: =IF(A17="","",IF(F17>0,"Erledigt","Offen"))
G18: =IF(A18="","",IF(F18>0,"Erledigt","Offen"))
G19: =IF(A19="","",IF(F19>0,"Erledigt","Offen"))
G20: =IF(A20="","",IF(F20>0,"Erledigt","Offen"))
G21: =IF(A21="","",IF(F21>0,"Erledigt","Offen"))
... G109: =IF(A109="","",IF(F109>0,"Erledigt","Offen"))

Sheet Fortschritt
A1: Woche | B1: Fach | C1: Geplante Zeit | D1: Tatsächliche Zeit | E1: Abweichung | F1: Fortschritt %
A2: KW 11 | B2: BWL | C2: 10 | D2: 12.5 | E2: =D2-C2 | F2: 75
A3: KW 11 | B3: VWL | C3: 7.5 | D3: 8.25 | E3: =D3-C3 | F3: 80
A4: KW 11 | B4: Recht | C4: 8 | D4: 7 | E4: =D4-C4 | F4: 65
A5: KW 11 | B5: Statistik | C5: 12 | D5: 15 | E5: =D5-C5 | F5: 70
A6: KW 12 | B6: BWL | C6: 12 | E6: =D6-C6 | F6: 40
A7: KW 12 | B7: VWL | C7: 9 | E7: =D7-C7 | F7: 35
A8: KW 12 | B8: Recht | C8: 10 | E8: =D8-C8 | F8: 45
A9: KW 12 | B9: Statistik | C9: 15 | E9: =D9-C9 | F9: 30
E10: =IF(A10="","",D10-C10)
E11: =IF(A11="","",D11-C11)
E12: =IF(A12="","",D12-C12)
E13: =IF(A13="","",D13-C13)
E14: =IF(A14="","",D14-C14)
E15: =IF(A15="","",D15-C15)
E16: =IF(A16="","",D16-C16)
E17: =IF(A17="","",D17-C17)
E18: =IF(A18="","",D18-C18)
E19: =IF(A19="","",D19-C19)
E20: =IF(A20="","",D20-C20)
E21: =IF(A21="","",D21-C21)
... E61: =IF(A61="","",D61-C61)
