Workbook

Sheet Start
C2: Prüfungsvorbereitungs-Tracker für Studierende
C3: Effiziente Prüfungsvorbereitung mit dieser professionellen Excel-Vorlage – behalte den Überblick über Lernmaterialien, Zeitplanung und Fortschritte.
C5: So funktioniert's
B6: 1. | C6: Erstelle eine Liste aller relevanten Lernmaterialien.
B7: 2. | C7: Plane deine Lernzeiten und halte sie ein.
B8: 3. | C8: Trage deinen Lernfortschritt regelmäßig ein.
B9: 4. | C9: Nutze die KPIs, um deine Fortschritte zu überwachen.
B10: 5. | C10: Passe die Kategorien und Prioritäten nach Bedarf an.
B11: 6. | C11: Nutze die Charts zur Visualisierung deiner Fortschritte.
B12: 7. | C12: Halte Fristen ein und plane Pufferzeiten ein.
B13: 8. | C13: Setze dir klare Ziele und verfolge sie konsequent.
C15: Nur weiße Zellen ausfüllen – grüne Spalten rechnen automatisch.
C17: Zum Blatt
C18: → Übersicht
C19: → Lernmaterialien
C20: → Zeitplanung
C21: → Fortschritt
C23: Erstellt von Haiktec · haiktec.tech

Sheet Übersicht
B2: Übersicht – Prüfungsvorbereitungs-Tracker für Studierende
B4: Kennzahlen
B5: Gesamtfortschritt | C5: =AVERAGE('Fortschritt'!C2:C300)
B6: Gesamte Lernzeit | C6: =SUM('Zeitplanung'!C2:C300)
B7: Durchschnittliche Abweichung | C7: =AVERAGE('Zeitplanung'!E2:E300)
B8: Anzahl Themen | C8: =COUNTA('Lernmaterialien'!C2:C300)
B9: Fortgeschrittene Themen | C9: =COUNTIF('Fortschritt'!D2:D300,'Fortgeschritten')
B10: Materialien in Bearbeitung | C10: =COUNTIF('Fortschritt'!D2:D300,'In Bearbeitung')

Sheet Lernmaterialien
A1: Datum | B1: Kategorie | C1: Thema | D1: Seitenzahl | E1: Fortschritt
A2: 46037 | B2: Mathematik | C2: Lineare Algebra | D2: 50 | E2: =D2/100
A3: 46038 | B3: Physik | C3: Mechanik | D3: 30 | E3: =D3/100
A4: 46039 | B4: Chemie | C4: Organische Chemie | D4: 40 | E4: =D4/100
A5: 46040 | B5: Biologie | C5: Zellbiologie | D5: 25 | E5: =D5/100
A6: 46041 | B6: Informatik | C6: Datenstrukturen | D6: 45 | E6: =D6/100
A7: 46042 | B7: Wirtschaft | C7: Marketing | D7: 35 | E7: =D7/100
A8: 46043 | B8: Geschichte | C8: Weltkriege | D8: 55 | E8: =D8/100
A9: 46044 | B9: Englisch | C9: Grammatik | D9: 20 | E9: =D9/100
E10: =IF(A10="","",D10/100)
E11: =IF(A11="","",D11/100)
E12: =IF(A12="","",D12/100)
E13: =IF(A13="","",D13/100)
E14: =IF(A14="","",D14/100)
E15: =IF(A15="","",D15/100)
E16: =IF(A16="","",D16/100)
E17: =IF(A17="","",D17/100)
E18: =IF(A18="","",D18/100)
E19: =IF(A19="","",D19/100)
E20: =IF(A20="","",D20/100)
E21: =IF(A21="","",D21/100)
... E69: =IF(A69="","",D69/100)

Sheet Zeitplanung
A1: Datum | B1: Thema | C1: Geplante Zeit | D1: Tatsächliche Zeit | E1: Abweichung
A2: 46037 | B2: Lineare Algebra | C2: 4 | D2: 3 | E2: =D2-C2
A3: 46038 | B3: Mechanik | C3: 3 | D3: 4 | E3: =D3-C3
A4: 46039 | B4: Organische Chemie | C4: 5 | D4: 6 | E4: =D4-C4
A5: 46040 | B5: Zellbiologie | C5: 2 | D5: 2 | E5: =D5-C5
A6: 46041 | B6: Datenstrukturen | C6: 6 | D6: 5 | E6: =D6-C6
A7: 46042 | B7: Marketing | C7: 4 | D7: 3 | E7: =D7-C7
A8: 46043 | B8: Weltkriege | C8: 5 | D8: 4 | E8: =D8-C8
A9: 46044 | B9: Grammatik | C9: 3 | D9: 3 | E9: =D9-C9
E10: =IF(A10="","",D10-C10)
E11: =IF(A11="","",D11-C11)
E12: =IF(A12="","",D12-C12)
E13: =IF(A13="","",D13-C13)
E14: =IF(A14="","",D14-C14)
E15: =IF(A15="","",D15-C15)
E16: =IF(A16="","",D16-C16)
E17: =IF(A17="","",D17-C17)
E18: =IF(A18="","",D18-C18)
E19: =IF(A19="","",D19-C19)
E20: =IF(A20="","",D20-C20)
E21: =IF(A21="","",D21-C21)
... E69: =IF(A69="","",D69-C69)

Sheet Fortschritt
A1: Datum | B1: Thema | C1: Gesamtfortschritt | D1: Status
A2: 46037 | B2: Lineare Algebra | C2: 30 | D2: =IF(C2>50,'Fortgeschritten','In Bearbeitung')
A3: 46038 | B3: Mechanik | C3: 20 | D3: =IF(C3>50,'Fortgeschritten','In Bearbeitung')
A4: 46039 | B4: Organische Chemie | C4: 25 | D4: =IF(C4>50,'Fortgeschritten','In Bearbeitung')
A5: 46040 | B5: Zellbiologie | C5: 15 | D5: =IF(C5>50,'Fortgeschritten','In Bearbeitung')
A6: 46041 | B6: Datenstrukturen | C6: 35 | D6: =IF(C6>50,'Fortgeschritten','In Bearbeitung')
A7: 46042 | B7: Marketing | C7: 30 | D7: =IF(C7>50,'Fortgeschritten','In Bearbeitung')
A8: 46043 | B8: Weltkriege | C8: 40 | D8: =IF(C8>50,'Fortgeschritten','In Bearbeitung')
A9: 46044 | B9: Grammatik | C9: 15 | D9: =IF(C9>50,'Fortgeschritten','In Bearbeitung')
D10: =IF(A10="","",IF(C10>50,'Fortgeschritten','In Bearbeitung'))
D11: =IF(A11="","",IF(C11>50,'Fortgeschritten','In Bearbeitung'))
D12: =IF(A12="","",IF(C12>50,'Fortgeschritten','In Bearbeitung'))
D13: =IF(A13="","",IF(C13>50,'Fortgeschritten','In Bearbeitung'))
D14: =IF(A14="","",IF(C14>50,'Fortgeschritten','In Bearbeitung'))
D15: =IF(A15="","",IF(C15>50,'Fortgeschritten','In Bearbeitung'))
D16: =IF(A16="","",IF(C16>50,'Fortgeschritten','In Bearbeitung'))
D17: =IF(A17="","",IF(C17>50,'Fortgeschritten','In Bearbeitung'))
D18: =IF(A18="","",IF(C18>50,'Fortgeschritten','In Bearbeitung'))
D19: =IF(A19="","",IF(C19>50,'Fortgeschritten','In Bearbeitung'))
D20: =IF(A20="","",IF(C20>50,'Fortgeschritten','In Bearbeitung'))
D21: =IF(A21="","",IF(C21>50,'Fortgeschritten','In Bearbeitung'))
... D69: =IF(A69="","",IF(C69>50,'Fortgeschritten','In Bearbeitung'))
