Workbook

Sheet Start
C2: Prüfungsvorbereitungs-Tracker für Studierende
C3: Organisiere deine Prüfungsvorbereitung effizient mit diesem Tracker. Behalte Lernfortschritt, Wiederholungen und wichtige Termine im Blick.
C5: So funktioniert's
B6: 1. | C6: Gib deine Prüfungsfächer ein
B7: 2. | C7: Plane wöchentliche Lernzeiten
B8: 3. | C8: Trage tägliche Lernstunden ein
B9: 4. | C9: Markiere abgeschlossene Themen
B10: 5. | C10: Aktualisiere deinen Fortschritt
B11: 6. | C11: Nutze die Statistiken zur Kontrolle
C13: Nur weiße Zellen ausfüllen – grüne Spalten rechnen automatisch.
C15: Zum Blatt
C16: → Übersicht
C17: → Lernplan
C18: → Lernprotokoll
C19: → Prüfungstermine
C21: Erstellt von Haiktec · haiktec.tech

Sheet Übersicht
B2: Übersicht – Prüfungsvorbereitungs-Tracker für Studierende
B4: Kennzahlen
B5: Gesamt Lernstunden | C5: =SUM('Lernprotokoll'!D2:D300)
B6: Durchschnittl. Effektivität | C6: =AVERAGE('Lernprotokoll'!E2:E300)
B7: Abgeschlossene Themen | C7: =COUNTIF('Lernplan'!D2:D300,"Abgeschlossen")
B8: Bevorstehende Prüfungen | C8: =COUNTIF('Prüfungstermine'!B2:B300,">"&TODAY())
B9: Abgeschl. Prüfungen | C9: =COUNTIF('Prüfungstermine'!E2:E300,"Ja")
B10: Durchschnittsnote | C10: =AVERAGEIF('Prüfungstermine'!F2:F300,"<>"&"")

Sheet Lernplan
A1: Fach | B1: Thema | C1: Startdatum | D1: Zieldatum | E1: Status | F1: Priorität | G1: Geplante Stunden | H1: Tatsächliche Stunden | I1: Fortschritt %
A2: Mathematik | B2: Lineare Algebra | C2: 46082 | D2: 46127 | E2: In Bearbeitung | F2: Hoch | G2: 30 | H2: 15 | I2: =H2/G2
A3: Physik | B3: Thermodynamik | C3: 46091 | D3: 46132 | E3: Nicht begonnen | F3: Mittel | G3: 25 | H3: 0 | I3: =H3/G3
A4: Informatik | B4: Datenbanken | C4: 46073 | D4: 46122 | E4: Abgeschlossen | F4: Niedrig | G4: 20 | H4: 22 | I4: =H4/G4
A5: BWL | B5: Kostenrechnung | C5: 46086 | D5: 46143 | E5: In Bearbeitung | F5: Hoch | G5: 40 | H5: 12 | I5: =H5/G5
I6: =IF(A6="","",H6/G6)
I7: =IF(A7="","",H7/G7)
I8: =IF(A8="","",H8/G8)
I9: =IF(A9="","",H9/G9)
I10: =IF(A10="","",H10/G10)
I11: =IF(A11="","",H11/G11)
I12: =IF(A12="","",H12/G12)
I13: =IF(A13="","",H13/G13)
I14: =IF(A14="","",H14/G14)
I15: =IF(A15="","",H15/G15)
I16: =IF(A16="","",H16/G16)
I17: =IF(A17="","",H17/G17)
... I55: =IF(A55="","",H55/G55)

Sheet Lernprotokoll
A1: Datum | B1: Fach | C1: Thema | D1: Dauer (h) | E1: Effektivität | F1: Notizen
A2: 46096 | B2: Mathematik | C2: Lineare Algebra | D2: =E2/60 | E2: 0.8 | F2: Verständnis von Vektorräumen verbessert
A3: 46097 | B3: Physik | C3: Thermodynamik | D3: =E3/60 | E3: 0.6 | F3: Zustandsgleichungen wiederholt
A4: 46098 | B4: Informatik | C4: Datenbanken | D4: =E4/60 | E4: 0.9 | F4: SQL Übungen absolviert
D5: =IF(A5="","",E5/60)
D6: =IF(A6="","",E6/60)
D7: =IF(A7="","",E7/60)
D8: =IF(A8="","",E8/60)
D9: =IF(A9="","",E9/60)
D10: =IF(A10="","",E10/60)
D11: =IF(A11="","",E11/60)
D12: =IF(A12="","",E12/60)
D13: =IF(A13="","",E13/60)
D14: =IF(A14="","",E14/60)
D15: =IF(A15="","",E15/60)
D16: =IF(A16="","",E16/60)
... D104: =IF(A104="","",E104/60)

Sheet Prüfungstermine
A1: Fach | B1: Prüfungsdatum | C1: Prüfungsort | D1: Anmeldefrist | E1: Bestanden | F1: Note
A2: Mathematik | B2: 46132 | C2: HS 3 | D2: 46096
A3: Physik | B3: 46147 | C3: HS 1 | D3: 46113
A4: Informatik | B4: 46137 | C4: HS 2 | D4: 46101
