Workbook

Sheet Start
C2: Prüfungsvorbereitungs-Tracker für Studierende
C3: Organisiere deine Lerninhalte, verfolge deinen Fortschritt und steigere deine Effizienz mit dieser professionellen Excel-Vorlage. Ideal für stressfreie Prüfungsphasen.
C5: So funktioniert's
B6: 1. | C6: Trage alle Prüfungstermine und Lerninhalte ein
B7: 2. | C7: Plane deine wöchentlichen Lernziele
B8: 3. | C8: Dokumentiere tägliche Lernfortschritte
B9: 4. | C9: Nutze die Automatik-Berechnungen für Zeitmanagement
B10: 5. | C10: Verfolge deine Motivation und Pausenzeiten
B11: 6. | C11: Analysiere deine Stärken und Schwächen
C13: Nur weiße Zellen ausfüllen – grüne Spalten rechnen automatisch.
C15: Zum Blatt
C16: → Übersicht
C17: → Lernplan
C18: → Prüfungstermine
C19: → Motivation
C21: Erstellt von Haiktec · haiktec.tech

Sheet Übersicht
B2: Übersicht – Prüfungsvorbereitungs-Tracker für Studierende
B4: Kennzahlen
B5: Gesamt Lernstunden | C5: =SUM('Lernplan'!E2:E300)
B6: Durchschnitt Motivation | C6: =AVERAGE('Motivation'!C2:C300)
B7: Anstehende Prüfungen | C7: =COUNTIF('Prüfungstermine'!F2:F300,">0")
B8: Dringlichste Prüfung | C8: =INDEX('Prüfungstermine'!B2:B300,MATCH(MIN('Prüfungstermine'!F2:F300),'Prüfungstermine'!F2:F300,0))
B9: Durchschnittlicher Fortschritt | C9: =AVERAGE('Lernplan'!F2:F300)

Sheet Lernplan
A1: Datum | B1: Thema | C1: Priorität | D1: Geplante Zeit | E1: Tatsächliche Zeit | F1: Fortschritt
A2: 46096 | B2: Statistik Grundlagen | C2: hoch | D2: 4 | E2: 3.5 | F2: =IF(ISBLANK(E2),0,E2/D2*100)
A3: 46097 | B3: VWL Modelle | C3: mittel | D3: 3 | E3: 3 | F3: =IF(ISBLANK(E3),0,E3/D3*100)
A4: 46098 | B4: BWL Fallstudien | C4: hoch | D4: 5 | E4: 4 | F4: =IF(ISBLANK(E4),0,E4/D4*100)
A5: 46099 | B5: Wiederholung | C5: niedrig | D5: 2 | E5: 1.5 | F5: =IF(ISBLANK(E5),0,E5/D5*100)
A6: 46100 | B6: Mathe Übungen | C6: hoch | D6: 4 | F6: =IF(ISBLANK(E6),0,E6/D6*100)
A7: 46101 | B7: Englisch Vokabeln | C7: mittel | D7: 2 | F7: =IF(ISBLANK(E7),0,E7/D7*100)
A8: 46102 | B8: Praxisfälle | C8: hoch | D8: 5 | F8: =IF(ISBLANK(E8),0,E8/D8*100)
A9: 46103 | B9: Zusammenfassung | C9: mittel | D9: 3 | F9: =IF(ISBLANK(E9),0,E9/D9*100)
F10: =IF(A10="","",IF(ISBLANK(E10),0,E10/D10*100))
F11: =IF(A11="","",IF(ISBLANK(E11),0,E11/D11*100))
F12: =IF(A12="","",IF(ISBLANK(E12),0,E12/D12*100))
F13: =IF(A13="","",IF(ISBLANK(E13),0,E13/D13*100))
F14: =IF(A14="","",IF(ISBLANK(E14),0,E14/D14*100))
F15: =IF(A15="","",IF(ISBLANK(E15),0,E15/D15*100))
F16: =IF(A16="","",IF(ISBLANK(E16),0,E16/D16*100))
F17: =IF(A17="","",IF(ISBLANK(E17),0,E17/D17*100))
F18: =IF(A18="","",IF(ISBLANK(E18),0,E18/D18*100))
F19: =IF(A19="","",IF(ISBLANK(E19),0,E19/D19*100))
F20: =IF(A20="","",IF(ISBLANK(E20),0,E20/D20*100))
F21: =IF(A21="","",IF(ISBLANK(E21),0,E21/D21*100))
... F69: =IF(A69="","",IF(ISBLANK(E69),0,E69/D69*100))

Sheet Prüfungstermine
A1: Datum | B1: Fach | C1: Art | D1: Ort | E1: Gewichtung | F1: Tage bis Prüfung
A2: 46117 | B2: Statistik | C2: Klausur | D2: HS 3 | E2: 30 | F2: =IF(ISBLANK(A2),0,A2-TODAY())
A3: 46124 | B3: BWL | C3: mündlich | D3: Raum 204 | E3: 20 | F3: =IF(ISBLANK(A3),0,A3-TODAY())
A4: 46131 | B4: VWL | C4: Hausarbeit | D4: Einreichung | E4: 25 | F4: =IF(ISBLANK(A4),0,A4-TODAY())
A5: 46138 | B5: Englisch | C5: Test | D5: Sprachlabor | E5: 15 | F5: =IF(ISBLANK(A5),0,A5-TODAY())
A6: 46145 | B6: Mathe | C6: Klausur | D6: HS 1 | E6: 35 | F6: =IF(ISBLANK(A6),0,A6-TODAY())
F7: =IF(A7="","",IF(ISBLANK(A7),0,A7-TODAY()))
F8: =IF(A8="","",IF(ISBLANK(A8),0,A8-TODAY()))
F9: =IF(A9="","",IF(ISBLANK(A9),0,A9-TODAY()))
F10: =IF(A10="","",IF(ISBLANK(A10),0,A10-TODAY()))
F11: =IF(A11="","",IF(ISBLANK(A11),0,A11-TODAY()))
F12: =IF(A12="","",IF(ISBLANK(A12),0,A12-TODAY()))
F13: =IF(A13="","",IF(ISBLANK(A13),0,A13-TODAY()))
F14: =IF(A14="","",IF(ISBLANK(A14),0,A14-TODAY()))
F15: =IF(A15="","",IF(ISBLANK(A15),0,A15-TODAY()))
F16: =IF(A16="","",IF(ISBLANK(A16),0,A16-TODAY()))
F17: =IF(A17="","",IF(ISBLANK(A17),0,A17-TODAY()))
F18: =IF(A18="","",IF(ISBLANK(A18),0,A18-TODAY()))
... F26: =IF(A26="","",IF(ISBLANK(A26),0,A26-TODAY()))

Sheet Motivation
A1: Datum | B1: Pausen | C1: Motivation (1-10) | D1: Bemerkungen
A2: 46096 | B2: 0.5 | C2: 8 | D2: guter Tag
A3: 46097 | B3: 0.75 | C3: 7 | D3: konzentriert
A4: 46098 | B4: 1 | C4: 6 | D4: etwas müde
A5: 46099 | B5: 0.5 | C5: 9 | D5: sehr produktiv
