Workbook

Sheet Start
C2: Ultimativer Reisebudget-Tracker & Packlisten-Planer (2026 Edition)
C3: Professionelle All-in-One-Lösung zur Planung von Reisekosten und Gepäck. Spart Zeit und Geld durch automatische Berechnungen und praktische Vorlagen.
C5: So funktioniert's
B6: 1. | C6: Reiseziel und Zeitraum eingeben
B7: 2. | C7: Budget für Transport, Unterkunft, Verpflegung etc. festlegen
B8: 3. | C8: Packlisten für verschiedene Reisearten auswählen
B9: 4. | C9: Kosten während der Reise eintragen
B10: 5. | C10: Automatische Auswertungen und Warnungen bei Budgetüberschreitung nutzen
B11: 6. | C11: Packlisten ausdrucken oder als PDF exportieren
C13: Nur weiße Zellen ausfüllen – grüne Spalten rechnen automatisch.
C15: Zum Blatt
C16: → Übersicht
C17: → Budget
C18: → Packliste
C20: Erstellt von Haiktec · haiktec.tech

Sheet Übersicht
B2: Übersicht – Ultimativer Reisebudget-Tracker & Packlisten-Planer (2026 Ed
B4: Kennzahlen
B5: Gesamtbudget | C5: =SUM('Budget'!F2:F300)
B6: Ausgaben | C6: =SUM('Budget'!D2:D300)
B7: Prozentualer Budgetverbrauch | C7: =SUM('Budget'!D2:D300)/SUM('Budget'!F2:F300)
B8: Anzahl Packlisten-Items | C8: =COUNTA('Packliste'!B2:B300)
B9: Noch zu zahlender Betrag | C9: =SUMIF('Budget'!E2:E300,FALSE,'Budget'!D2:D300)

Sheet Budget
A1: Datum | B1: Kategorie | C1: Beschreibung | D1: Betrag (EUR) | E1: Bezahlt | F1: Summe
A2: 46096 | B2: Flug | C2: Hin- und Rückflug Berlin-Mallorca | D2: 289 | E2: TRUE | F2: =IF(E2,D2,0)
A3: 46097 | B3: Unterkunft | C3: Hotel 4 Nächte | D3: 420 | E3: FALSE | F3: =IF(E3,D3,0)
A4: 46098 | B4: Verpflegung | C4: Tägliches Frühstück | D4: 75 | E4: FALSE | F4: =IF(E4,D4,0)
A5: 46099 | B5: Transport | C5: Mietwagen | D5: 120 | E5: TRUE | F5: =IF(E5,D5,0)
A6: 46100 | B6: Aktivitäten | C6: Stadtführung | D6: 45 | E6: FALSE | F6: =IF(E6,D6,0)
F7: =IF(A7="","",IF(E7,D7,0))
F8: =IF(A8="","",IF(E8,D8,0))
F9: =IF(A9="","",IF(E9,D9,0))
F10: =IF(A10="","",IF(E10,D10,0))
F11: =IF(A11="","",IF(E11,D11,0))
F12: =IF(A12="","",IF(E12,D12,0))
F13: =IF(A13="","",IF(E13,D13,0))
F14: =IF(A14="","",IF(E14,D14,0))
F15: =IF(A15="","",IF(E15,D15,0))
F16: =IF(A16="","",IF(E16,D16,0))
F17: =IF(A17="","",IF(E17,D17,0))
F18: =IF(A18="","",IF(E18,D18,0))
... F66: =IF(A66="","",IF(E66,D66,0))

Sheet Packliste
A1: Kategorie | B1: Artikel | C1: Menge | D1: Gepackt | E1: Notizen
A2: Dokumente | B2: Reisepass | C2: 1 | D2: FALSE
A3: Dokumente | B3: Kreditkarte | C3: 2 | D3: FALSE
A4: Kleidung | B4: T-Shirts | C4: 5 | D4: FALSE
A5: Elektronik | B5: Ladegerät | C5: 1 | D5: FALSE
A6: Hygiene | B6: Zahnbürste | C6: 1 | D6: FALSE
A7: Medizin | B7: Pflaster | C7: 10 | D7: FALSE
A8: Sonstiges | B8: Reiseführer | C8: 1 | D8: FALSE
