Workbook

Sheet Start
C2: Ultimate Schwarzwald Reisebudget- & Aktivitäten-Tracker für internationale Gäste
C3: Perfekte Planung Ihrer Schwarzwald-Reise mit automatischer Budgetberechnung und Aktivitäten-Übersicht. Behalten Sie alle Ausgaben im Blick und entdecken Sie die schönsten Orte.
C5: So funktioniert's
B6: 1. | C6: Grunddaten eingeben (Reisedauer, Personen, Budget)
B7: 2. | C7: Unterkünfte und Transportmittel eintragen
B8: 3. | C8: Tägliche Aktivitäten und Ausgaben planen
B9: 4. | C9: Spezialitäten und Souvenirs erfassen
B10: 5. | C10: Budget im Blick behalten mit automatischen Warnungen
B11: 6. | C11: Auswertungen nutzen für zukünftige Reisen
C13: Nur weiße Zellen ausfüllen – grüne Spalten rechnen automatisch.
C15: Zum Blatt
C16: → Übersicht
C17: → Hauptkosten
C18: → Top-Sehenswürdigkeiten
C19: → Budget
C21: Erstellt von Haiktec · haiktec.tech

Sheet Übersicht
B2: Übersicht – Ultimate Schwarzwald Reisebudget- & Aktivitäten-Tracker für
B4: Kennzahlen
B5: Gesamtausgaben | C5: =SUM('Hauptkosten'!F2:F300)
B6: Tägliche Durchschnittskosten | C6: =SUM('Hauptkosten'!F2:F300)/MAX(1,MAX('Hauptkosten'!A2:A300)-MIN('Hauptkosten'!A2:A300))
B7: Besuchte Sehenswürdigkeiten | C7: =COUNTIF('Top-Sehenswürdigkeiten'!E2:E300,"Ja")
B8: Budget ausgeschöpft | C8: =SUM('Budget'!B2:B300)-SUM('Budget'!C2:C300)
B9: Währungen verwendet | C9: =COUNTA(UNIQUE('Hauptkosten'!E2:E300))

Sheet Hauptkosten
A1: Datum | B1: Kategorie | C1: Beschreibung | D1: Betrag | E1: Währung | F1: EUR Summe
A2: 46154 | B2: Unterkunft | C2: Hotel Titisee 3 Nächte | D2: 390 | E2: EUR | F2: =IF(E2="EUR",D2,IF(E2="USD",D2*0.895,IF(E2="CHF",D2*1.02,0)))
A3: 46154 | B3: Transport | C3: Mietwagen | D3: 220 | E3: EUR | F3: =IF(E3="EUR",D3,IF(E3="USD",D3*0.895,IF(E3="CHF",D3*1.02,0)))
A4: 46155 | B4: Aktivität | C4: Titisee Bootsfahrt | D4: 35 | E4: CHF | F4: =IF(E4="EUR",D4,IF(E4="USD",D4*0.895,IF(E4="CHF",D4*1.02,0)))
A5: 46156 | B5: Essen | C5: Schwarzwaldstube | D5: 85 | E5: EUR | F5: =IF(E5="EUR",D5,IF(E5="USD",D5*0.895,IF(E5="CHF",D5*1.02,0)))
A6: 46157 | B6: Eintritt | C6: Triberger Wasserfälle | D6: 7.5 | E6: EUR | F6: =IF(E6="EUR",D6,IF(E6="USD",D6*0.895,IF(E6="CHF",D6*1.02,0)))
A7: 46157 | B7: Souvenir | C7: Kuckucksuhr | D7: 120 | E7: USD | F7: =IF(E7="EUR",D7,IF(E7="USD",D7*0.895,IF(E7="CHF",D7*1.02,0)))
A8: 46158 | B8: Transport | C8: Schwarzwaldbahn | D8: 28 | E8: EUR | F8: =IF(E8="EUR",D8,IF(E8="USD",D8*0.895,IF(E8="CHF",D8*1.02,0)))
A9: 46159 | B9: Aktivität | C9: Feldberg Wanderung | D9: 0 | E9: EUR | F9: =IF(E9="EUR",D9,IF(E9="USD",D9*0.895,IF(E9="CHF",D9*1.02,0)))
F10: =IF(A10="","",IF(E10="EUR",D10,IF(E10="USD",D10*0.895,IF(E10="CHF",D10*1.02,0))))
F11: =IF(A11="","",IF(E11="EUR",D11,IF(E11="USD",D11*0.895,IF(E11="CHF",D11*1.02,0))))
F12: =IF(A12="","",IF(E12="EUR",D12,IF(E12="USD",D12*0.895,IF(E12="CHF",D12*1.02,0))))
F13: =IF(A13="","",IF(E13="EUR",D13,IF(E13="USD",D13*0.895,IF(E13="CHF",D13*1.02,0))))
F14: =IF(A14="","",IF(E14="EUR",D14,IF(E14="USD",D14*0.895,IF(E14="CHF",D14*1.02,0))))
F15: =IF(A15="","",IF(E15="EUR",D15,IF(E15="USD",D15*0.895,IF(E15="CHF",D15*1.02,0))))
F16: =IF(A16="","",IF(E16="EUR",D16,IF(E16="USD",D16*0.895,IF(E16="CHF",D16*1.02,0))))
F17: =IF(A17="","",IF(E17="EUR",D17,IF(E17="USD",D17*0.895,IF(E17="CHF",D17*1.02,0))))
F18: =IF(A18="","",IF(E18="EUR",D18,IF(E18="USD",D18*0.895,IF(E18="CHF",D18*1.02,0))))
F19: =IF(A19="","",IF(E19="EUR",D19,IF(E19="USD",D19*0.895,IF(E19="CHF",D19*1.02,0))))
F20: =IF(A20="","",IF(E20="EUR",D20,IF(E20="USD",D20*0.895,IF(E20="CHF",D20*1.02,0))))
F21: =IF(A21="","",IF(E21="EUR",D21,IF(E21="USD",D21*0.895,IF(E21="CHF",D21*1.02,0))))
... F59: =IF(A59="","",IF(E59="EUR",D59,IF(E59="USD",D59*0.895,IF(E59="CHF",D59*1.02,0))))

Sheet Top-Sehenswürdigkeiten
A1: Ort | B1: Priorität | C1: Kosten p.P. | D1: Entfernung km | E1: Besucht
A2: Triberger Wasserfälle | B2: Hoch | C2: 7.5 | D2: 35 | E2: Ja
A3: Feldberg | B3: Hoch | C3: 0 | D3: 20 | E3: Nein
A4: Titisee | B4: Mittel | C4: 0 | D4: 5 | E4: Ja
A5: Schluchsee | B5: Mittel | C5: 0 | D5: 15 | E5: Nein
A6: Freilichtmuseum Vogtsbauernhof | B6: Niedrig | C6: 12 | D6: 40 | E6: Nein
A7: Todtnauer Wasserfall | B7: Mittel | C7: 3.5 | D7: 25 | E7: Nein

Sheet Budget
A1: Kategorie | B1: Geplant | C1: Aktuell | D1: Differenz
A2: Unterkünfte | B2: 500 | C2: 390 | D2: =B2-C2
A3: Transport | B3: 300 | C3: 248 | D3: =B3-C3
A4: Aktivitäten | B4: 150 | C4: 46.2 | D4: =B4-C4
A5: Essen | B5: 200 | C5: 85 | D5: =B5-C5
A6: Souvenirs | B6: 100 | C6: 107.4 | D6: =B6-C6
D7: =IF(A7="","",B7-C7)
D8: =IF(A8="","",B8-C8)
D9: =IF(A9="","",B9-C9)
D10: =IF(A10="","",B10-C10)
D11: =IF(A11="","",B11-C11)
