Workbook

Sheet Start
C2: Senior Care Medication & Expense Tracker
C3: The ultimate tool to organize medications, track health expenses, and simplify caregiving for seniors with automatic calculations and visual reports
C5: How it works
B6: 1. | C6: Add medication schedules with dosage and frequency
B7: 2. | C7: Input daily care expenses
B8: 3. | C8: Track doctor visits and appointments
B9: 4. | C9: Monitor health indicators
B10: 5. | C10: Generate reports for tax deductions
C12: Only fill in white cells – green columns calculate automatically.
C14: Go to sheet
C15: → Dashboard
C16: → Medications
C17: → Expenses
C19: Made by Haiktec · haiktec.tech

Sheet Dashboard
B2: Dashboard – Senior Care Medication & Expense Tracker
B4: Key figures
B5: Total Expenses | C5: =SUM('Expenses'!D2:D300)
B6: Tax Deductible | C6: =SUMIF('Expenses'!E2:E300,"=Yes",'Expenses'!D2:D300)
B7: Medical Entries | C7: =COUNTA('Medications'!A2:A300)
B8: Avg. Monthly Cost | C8: =AVERAGE('Expenses'!D2:D300)
B9: Last Doctor Visit | C9: =MAX('Expenses'!A2:A300)

Sheet Medications
A1: Date | B1: Medication | C1: Dosage | D1: Frequency | E1: Time | F1: Notes
A2: 46037 | B2: Blood Pressure | C2: 10mg | D2: Daily | E2: Morning | F2: Take with food
A3: 46037 | B3: Cholesterol | C3: 20mg | D3: Daily | E3: Evening

Sheet Expenses
A1: Date | B1: Category | C1: Description | D1: Amount | E1: Tax Deductible
A2: 46032 | B2: Medical Supply | C2: Adult diapers | D2: 45.99 | E2: =IF(OR(B2="Medical Supply",B2="Medication",B2="Transportation"),"Yes","No")
A3: 46034 | B3: Transportation | C3: Doctor visit taxi | D3: 32.5 | E3: =IF(OR(B3="Medical Supply",B3="Medication",B3="Transportation"),"Yes","No")
E4: =IF(A4="","",IF(OR(B4="Medical Supply",B4="Medication",B4="Transportation"),"Yes","No"))
E5: =IF(A5="","",IF(OR(B5="Medical Supply",B5="Medication",B5="Transportation"),"Yes","No"))
E6: =IF(A6="","",IF(OR(B6="Medical Supply",B6="Medication",B6="Transportation"),"Yes","No"))
E7: =IF(A7="","",IF(OR(B7="Medical Supply",B7="Medication",B7="Transportation"),"Yes","No"))
E8: =IF(A8="","",IF(OR(B8="Medical Supply",B8="Medication",B8="Transportation"),"Yes","No"))
E9: =IF(A9="","",IF(OR(B9="Medical Supply",B9="Medication",B9="Transportation"),"Yes","No"))
E10: =IF(A10="","",IF(OR(B10="Medical Supply",B10="Medication",B10="Transportation"),"Yes","No"))
E11: =IF(A11="","",IF(OR(B11="Medical Supply",B11="Medication",B11="Transportation"),"Yes","No"))
E12: =IF(A12="","",IF(OR(B12="Medical Supply",B12="Medication",B12="Transportation"),"Yes","No"))
E13: =IF(A13="","",IF(OR(B13="Medical Supply",B13="Medication",B13="Transportation"),"Yes","No"))
E14: =IF(A14="","",IF(OR(B14="Medical Supply",B14="Medication",B14="Transportation"),"Yes","No"))
E15: =IF(A15="","",IF(OR(B15="Medical Supply",B15="Medication",B15="Transportation"),"Yes","No"))
... E63: =IF(A63="","",IF(OR(B63="Medical Supply",B63="Medication",B63="Transportation"),"Yes","No"))
