Workbook

Sheet Start
C2: Senioren-Pflegekosten-Tracker & Budgetplaner
C3: Professionelle Kostenkontrolle und Budgetplanung für die häusliche Pflege – alles in einer komfortablen Excel-Lösung.
C5: So funktioniert's
B6: 1. | C6: Pflegebedarf erfassen (regelmäßige vs. einmalige Kosten)
B7: 2. | C7: Monatliche Budgets für verschiedene Kostenkategorien festlegen
B8: 3. | C8: Tatsächliche Ausgaben systematisch eintragen
B9: 4. | C9: Automatische Auswertungen nutzen
B10: 5. | C10: Budgetabweichungen analysieren und anpassen
C12: Nur weiße Zellen ausfüllen – grüne Spalten rechnen automatisch.
C14: Zum Blatt
C15: → Übersicht
C16: → Pflegekosten
C17: → Budgetplanung
C19: Erstellt von Haiktec · haiktec.tech

Sheet Übersicht
B2: Übersicht – Senioren-Pflegekosten-Tracker & Budgetplaner
B4: Kennzahlen
B5: Gesamtausgaben | C5: =SUM('Pflegekosten'!F2:F300)
B6: Durchschn. monatl. Kosten | C6: =AVERAGE('Budgetplanung'!C2:C10)
B7: Größte Budgetabweichung | C7: =MAX('Budgetplanung'!D2:D10)
B8: Häufigste Kostenkategorie | C8: =INDEX('Pflegekosten'!B2:B300,MODE(MATCH('Pflegekosten'!B2:B300,'Pflegekosten'!B2:B300,0)))

Sheet Pflegekosten
A1: Datum | B1: Kategorie | C1: Beschreibung | D1: Menge | E1: Einzelpreis | F1: Summe
A2: 46091 | B2: Medikamente | C2: Blutdruckmittel Monatspackung | D2: 1 | E2: 45.8 | F2: =D2*E2
A3: 46093 | B3: Hilfsmittel | C3: Gehstütze | D3: 1 | E3: 89.9 | F3: =D3*E3
A4: 46096 | B4: Pflegedienst | C4: Grundpflege wöchentlich | D4: 4 | E4: 35 | F4: =D4*E4
F5: =IF(A5="","",D5*E5)
F6: =IF(A6="","",D6*E6)
F7: =IF(A7="","",D7*E7)
F8: =IF(A8="","",D8*E8)
F9: =IF(A9="","",D9*E9)
F10: =IF(A10="","",D10*E10)
F11: =IF(A11="","",D11*E11)
F12: =IF(A12="","",D12*E12)
F13: =IF(A13="","",D13*E13)
F14: =IF(A14="","",D14*E14)
F15: =IF(A15="","",D15*E15)
F16: =IF(A16="","",D16*E16)
... F104: =IF(A104="","",D104*E104)

Sheet Budgetplanung
A1: Kategorie | B1: Monatliches Budget | C1: Ausgaben YTD | D1: Verbleibend
A2: Medikamente | B2: 120 | C2: =SUMIF(Pflegekosten!B2:B100,A2,Pflegekosten!F2:F100) | D2: =B2-C2
A3: Pflegedienst | B3: 600
