Workbook

Sheet Start
C2: Senior Care Medication & Appointment Tracker
C3: Streamline medication schedules and medical appointments for multiple seniors with this all-in-one tracking system. Never miss a dose or doctor visit again with automated reminders and clear overviews.
C5: How it works
B6: 1. | C6: Add each senior's basic information
B7: 2. | C7: Enter all regular medications with dosage instructions
B8: 3. | C8: Schedule upcoming medical appointments
B9: 4. | C9: Set refill reminders for prescriptions
B10: 5. | C10: Track administration of medications
B11: 6. | C11: Generate reports for doctors or family members
B12: 7. | C12: Use the dashboard for quick status overviews
C14: Only fill in white cells – green columns calculate automatically.
C16: Go to sheet
C17: → Dashboard
C18: → Patient Info
C19: → Medications
C20: → Appointments
C22: Made by Haiktec · haiktec.tech

Sheet Dashboard
B2: Dashboard – Senior Care Medication & Appointment Tracker
B4: Key figures
B5: Active Medications | C5: =COUNTIFS(Medications!G:G,"Active")
B6: Upcoming Refills | C6: =COUNTIF(Medications!E:E,"<="&TODAY()+7)
B7: Next Appointment | C7: =TEXT(MIN(FILTER(Appointments!B:B,Appointments!B:B>=TODAY())),"mm/dd/yyyy")
B8: Overdue Medications | C8: =COUNTIFS(Medications!F:F,"<"&TODAY(),Medications!G:G,"Active")
B9: Days Until Next Refill | C9: =MIN(Medications!E:E)-TODAY()

Sheet Patient Info
A1: Patient ID | B1: Name | C1: Birthdate | D1: Primary Doctor | E1: Emergency Contact
A2: P001 | B2: Martha Johnson | C2: 16518 | D2: Dr. Smith | E2: John Johnson (son)
A3: P002 | B3: Robert Chen | C3: 14076 | D3: Dr. Lee | E3: Susan Chen (daughter)

Sheet Medications
A1: Patient ID | B1: Medication | C1: Dosage | D1: Frequency | E1: Next Refill | F1: Last Taken | G1: Status
A2: P001 | B2: Lisinopril | C2: 10mg | D2: Daily | E2: =F2+30 | F2: 46037 | G2: Active
A3: P001 | B3: Atorvastatin | C3: 20mg | D3: Daily | E3: =F3+30 | F3: 46037 | G3: Active
A4: P002 | B4: Metformin | C4: 500mg | D4: BID | E4: =F4+30 | F4: 46036 | G4: Active
E5: =IF(A5="","",F5+30)
E6: =IF(A6="","",F6+30)
E7: =IF(A7="","",F7+30)
E8: =IF(A8="","",F8+30)
E9: =IF(A9="","",F9+30)
E10: =IF(A10="","",F10+30)
E11: =IF(A11="","",F11+30)
E12: =IF(A12="","",F12+30)
E13: =IF(A13="","",F13+30)
E14: =IF(A14="","",F14+30)
E15: =IF(A15="","",F15+30)
E16: =IF(A16="","",F16+30)
... E64: =IF(A64="","",F64+30)

Sheet Appointments
A1: Patient ID | B1: Date | C1: Time | D1: Provider | E1: Type | F1: Location | G1: Notes
A2: P001 | B2: 46054 | C2: 10:00 AM | D2: Dr. Smith | E2: Doctor Visit | F2: Main Clinic | G2: Annual checkup
A3: P002 | B3: 46042 | C3: 1:30 PM | D3: LabCorp | E3: Lab Test | F3: Downtown Location | G3: Fasting required
