Workbook

Sheet 开始
C2: 智能私人健身预算与训练进度追踪器
C3: 专业级的健身预算和训练进度追踪工具，帮助您高效管理训练计划和财务支出
C5: 使用说明
B6: 1. | C6: 在「训练计划」表填写您的每周训练安排
B7: 2. | C7: 在「支出记录」表记录所有健身相关支出
B8: 3. | C8: 定期更新「进度追踪」表中的身体指标
B9: 4. | C9: 在「仪表盘」查看关键统计数据和图表
B10: 5. | C10: 每月分析支出和训练效果，调整计划
B11: 6. | C11: 利用下拉菜单简化数据输入
C13: 只需填写白色单元格，绿色列会自动计算。
C15: 打开工作表
C16: → 总览
C17: → 训练计划
C18: → 支出记录
C19: → 进度追踪
C21: 由 Haiktec 制作 · haiktec.tech

Sheet 总览
B2: 总览 – 智能私人健身预算与训练进度追踪器
B4: 关键指标
B5: 月度健身总支出 | C5: =SUM('支出记录'!F2:F300)
B6: 训练总时长(小时) | C6: =SUM('训练计划'!C2:C300)/60
B7: 平均每月会员开销 | C7: =AVERAGEIF('支出记录'!B2:B300,"会员费",'支出记录'!F2:F300)
B8: 力量训练占比 | C8: =COUNTIF('训练计划'!B2:B300,"力量训练")/COUNTA('训练计划'!B2:B300)
B9: 体脂降低 | C9: =INDEX('进度追踪'!C2:C50,1)-INDEX('进度追踪'!C2:C50,COUNTA('进度追踪'!C2:C50))
B10: 训练记录数 | C10: =COUNTA('训练计划'!A2:A300)

Sheet 训练计划
A1: 日期 | B1: 训练类型 | C1: 时长(分钟) | D1: 强度 | E1: 训练内容
A2: 46037 | B2: 力量训练 | C2: 60 | D2: 高强度 | E2: 深蹲/硬拉/卧推
A3: 46039 | B3: 有氧运动 | C3: 45 | D3: 中等 | E3: 跑步机间歇训练
A4: 46041 | B4: 柔韧性 | C4: 30 | D4: 低 | E4: 瑜伽拉伸
A5: 46044 | B5: HIIT | C5: 40 | D5: 高强度 | E5: 循环训练
A6: 46046 | B6: 力量训练 | C6: 60 | D6: 中等 | E6: 上肢专项
A7: 46048 | B7: 恢复 | C7: 30 | D7: 低 | E7: 泡沫轴放松
A8: 46051 | B8: 综合训练 | C8: 50 | D8: 高强度 | E8: CrossFit WOD
A9: 46053 | B9: 长跑 | C9: 90 | D9: 中等 | E9: 户外10公里

Sheet 支出记录
A1: 日期 | B1: 类别 | C1: 项目 | D1: 数量 | E1: 单价 | F1: 总价
A2: 46027 | B2: 装备 | C2: 蛋白粉 | D2: 1 | E2: 45.9 | F2: =D2*E2
A3: 46030 | B3: 会员费 | C3: 健身房月费 | D3: 1 | E3: 59 | F3: =D3*E3
A4: 46034 | B4: 课程 | C4: 私人教练 | D4: 4 | E4: 30 | F4: =D4*E4
A5: 46037 | B5: 装备 | C5: 弹性带 | D5: 2 | E5: 12.5 | F5: =D5*E5
A6: 46040 | B6: 营养 | C6: 运动饮料 | D6: 6 | E6: 2.3 | F6: =D6*E6
A7: 46044 | B7: 装备 | C7: 心率带 | D7: 1 | E7: 89.9 | F7: =D7*E7
A8: 46047 | B8: 课程 | C8: 瑜伽课 | D8: 8 | E8: 15 | F8: =D8*E8
A9: 46050 | B9: 其他 | C9: 体格测试 | D9: 1 | E9: 25 | F9: =D9*E9
F10: =IF(A10="","",D10*E10)
F11: =IF(A11="","",D11*E11)
F12: =IF(A12="","",D12*E12)
F13: =IF(A13="","",D13*E13)
F14: =IF(A14="","",D14*E14)
F15: =IF(A15="","",D15*E15)
F16: =IF(A16="","",D16*E16)
F17: =IF(A17="","",D17*E17)
F18: =IF(A18="","",D18*E18)
F19: =IF(A19="","",D19*E19)
F20: =IF(A20="","",D20*E20)
F21: =IF(A21="","",D21*E21)
... F69: =IF(A69="","",D69*E69)

Sheet 进度追踪
A1: 日期 | B1: 体重(kg) | C1: 体脂率(%) | D1: 静息心率 | E1: 最大力量(kg) | F1: 备注
A2: 46023 | B2: 68.5 | C2: 0.18 | D2: 66 | E2: 110 | F2: 初始测量
A3: 46030 | B3: 68 | C3: 0.177 | D3: 64 | E3: 112 | F3: 第一周
A4: 46037 | B4: 67.8 | C4: 0.175 | D4: 63 | E4: 115 | F4: 两周检查
A5: 46044 | B5: 67.5 | C5: 0.172 | D5: 62 | E5: 118 | F5: 增加蛋白质
A6: 46051 | B6: 67 | C6: 0.17 | D6: 60 | E6: 120 | F6: 保持良好
