Workbook

Sheet 开始
C2: 智能婚礼预算跟踪与规划器 - 2026年专属版
C3: 专业的婚礼预算规划工具，帮助您轻松掌控婚礼开支
C5: 使用说明
B6: 1. | C6: 在主表中输入婚礼相关开支
B7: 2. | C7: 在供应商表中管理供应商信息
B8: 3. | C8: 在预算分配表中规划预算
B9: 4. | C9: 查看图表和KPI，实时监控预算使用情况
B10: 5. | C10: 根据数据调整计划，确保预算不超支
C12: 只需填写白色单元格，绿色列会自动计算。
C14: 打开工作表
C15: → 总览
C16: → 主表
C17: → 供应商表
C18: → 预算分配表
C20: 由 Haiktec 制作 · haiktec.tech

Sheet 总览
B2: 总览 – 智能婚礼预算跟踪与规划器 - 2026年专属版
B4: 关键指标
B5: 总预算 | C5: =SUM('预算分配表'!B2:B300)
B6: 总开支 | C6: =SUM('主表'!F2:F300)
B7: 剩余预算 | C7: =SUM('预算分配表'!B2:B300)-SUM('主表'!F2:F300)
B8: 供应商数量 | C8: =COUNTA('供应商表'!A2:A300)
B9: 平均开支 | C9: =AVERAGE('主表'!F2:F300)

Sheet 主表
A1: 日期 | B1: 类别 | C1: 项目 | D1: 数量 | E1: 单价 | F1: 总价
A2: 46037 | B2: 婚纱 | C2: 婚纱租赁 | D2: 1 | E2: 500 | F2: =D2*E2
A3: 46042 | B3: 场地 | C3: 婚礼场地 | D3: 1 | E3: 2000 | F3: =D3*E3
A4: 46054 | B4: 餐饮 | C4: 晚宴 | D4: 100 | E4: 50 | F4: =D4*E4
A5: 46058 | B5: 摄影 | C5: 婚礼摄影 | D5: 1 | E5: 800 | F5: =D5*E5
A6: 46063 | B6: 鲜花 | C6: 婚礼花艺 | D6: 10 | E6: 30 | F6: =D6*E6
F7: =IF(A7="","",D7*E7)
F8: =IF(A8="","",D8*E8)
F9: =IF(A9="","",D9*E9)
F10: =IF(A10="","",D10*E10)
F11: =IF(A11="","",D11*E11)
F12: =IF(A12="","",D12*E12)
F13: =IF(A13="","",D13*E13)
F14: =IF(A14="","",D14*E14)
F15: =IF(A15="","",D15*E15)
F16: =IF(A16="","",D16*E16)
F17: =IF(A17="","",D17*E17)
F18: =IF(A18="","",D18*E18)
... F66: =IF(A66="","",D66*E66)

Sheet 供应商表
A1: 供应商名称 | B1: 服务类型 | C1: 联系人 | D1: 电话 | E1: 电子邮件 | F1: 报价
A2: 美好婚礼 | B2: 场地租赁 | C2: 张先生 | D2: 123456789 | E2: zhang@example.com | F2: 2000
A3: 梦幻婚纱 | B3: 婚纱租赁 | C3: 李小姐 | D3: 987654321 | E3: li@example.com | F3: 500
A4: 美味餐饮 | B4: 餐饮服务 | C4: 王先生 | D4: 456789123 | E4: wang@example.com | F4: 5000

Sheet 预算分配表
A1: 类别 | B1: 预算金额 | C1: 实际金额 | D1: 差额
A2: 婚纱 | B2: 1000 | D2: =C2-B2
A3: 场地 | B3: 3000 | D3: =C3-B3
A4: 餐饮 | B4: 6000 | D4: =C4-B4
A5: 摄影 | B5: 1000 | D5: =C5-B5
A6: 鲜花 | B6: 500 | D6: =C6-B6
D7: =IF(A7="","",C7-B7)
D8: =IF(A8="","",C8-B8)
D9: =IF(A9="","",C9-B9)
D10: =IF(A10="","",C10-B10)
D11: =IF(A11="","",C11-B11)
D12: =IF(A12="","",C12-B12)
D13: =IF(A13="","",C13-B13)
D14: =IF(A14="","",C14-B14)
D15: =IF(A15="","",C15-B15)
D16: =IF(A16="","",C16-B16)
D17: =IF(A17="","",C17-B17)
D18: =IF(A18="","",C18-B18)
... D26: =IF(A26="","",C26-B26)
