Workbook

Sheet Anleitung
A1: Smart Trainingsplaner & Fortschritts-Tracker für Fitnesstrainer
A2: 1. Schritt 1: Kundendaten im Tab 'Profile' eintragen
A3: 2. Schritt 2: Trainingsplan im Tab 'Planung' erstellen
A4: 3. Schritt 3: Fortschritte im Tab 'Tracking' dokumentieren
A5: 4. Schritt 4: Automatische Auswertungen im Tab 'Analyse' nutzen

Sheet Profile
A1: Kunden-ID | B1: Name | C1: E-Mail | D1: Ziel | E1: Startdatum
A2: T2026-001 | B2: Max Mustermann | C2: max@example.com | D2: Muskelaufbau | E2: 15.03.2026
A3: T2026-002 | B3: Anna Beispiel | C3: anna@example.com | D3: Ausdauer | E3: 22.03.2026
A4: T2026-003 | B4: Tim Test | C4: tim@example.com | D4: Gewichtsreduktion | E4: 01.04.2026
A5: T2026-004 | B5: Lisa Muster | C5: lisa@example.com | D5: Reha | E5: 10.04.2026
A6: T2026-005 | B6: Paul Probe | C6: paul@example.com | D6: Kraftsteigerung | E6: 18.04.2026

Sheet Planung
A1: Kunden-ID | B1: Übung | C1: Sätze | D1: Wdh. | E1: Gewicht | F1: Pause (sec) | G1: Notizen
A2: T2026-001 | B2: Bankdrücken | C2: 3 | D2: 10 | E2: 70 | F2: 90 | G2: Technik verbessern
A3: T2026-001 | B3: Kniebeugen | C3: 4 | D3: 8 | E3: 60 | F3: 120 | G3: Tiefe kontrollieren
A4: T2026-002 | B4: Rudern | C4: 3 | D4: 12 | E4: 40 | F4: 60 | G4: Schultern stabilisieren
A5: T2026-003 | B5: Liegestütze | C5: 4 | D5: 15 | E5: 0 | F5: 45 | G5: Variationen einführen
A6: T2026-004 | B6: Dehnen | C6: 2 | D6: 30 | E6: 0 | F6: 30 | G6: Schwerpunkt Rücken

Sheet Tracking
A1: Kunden-ID | B1: Datum | C1: Übung | D1: Sätze | E1: Wdh. | F1: Gewicht | G1: Bemerkungen
A2: T2026-001 | B2: 20.03.2026 | C2: Bankdrücken | D2: 3 | E2: 10 | F2: 70 | G2: Gute Form
A3: T2026-001 | B3: 20.03.2026 | C3: Kniebeugen | D3: 4 | E3: 8 | F3: 60 | G3: Tiefe ok
A4: T2026-002 | B4: 25.03.2026 | C4: Rudern | D4: 3 | E4: 12 | F4: 40 | G4: Schultern stabil
A5: T2026-003 | B5: 05.04.2026 | C5: Liegestütze | D5: 4 | E5: 15 | F5: 0 | G5: Kontrolle verbessert
A6: T2026-004 | B6: 15.04.2026 | C6: Dehnen | D6: 2 | E6: 30 | F6: 0 | G6: Fortschritte sichtbar

Sheet Analyse
A1: Kunden-ID | B1: Übung | C1: Start Gewicht | D1: Aktuell Gewicht | E1: Steigerung % | F1: Notizen
A2: =A2 | B2: =B2 | C2: =VLOOKUP(A2,Planung!A:G,5,FALSE) | D2: =MAX(Tracking!F:F) | E2: =ROUND((D2-C2)/C2*100,1) | F2: =VLOOKUP(A2,Profile!A:E,5,FALSE)
A3: =A3 | B3: =B3 | C3: =VLOOKUP(A3,Planung!A:G,5,FALSE) | D3: =MAX(Tracking!F:F) | E3: =ROUND((D3-C3)/C3*100,1) | F3: =VLOOKUP(A3,Profile!A:E,5,FALSE)
A4: =A4 | B4: =B4 | C4: =VLOOKUP(A4,Planung!A:G,5,FALSE) | D4: =MAX(Tracking!F:F) | E4: =ROUND((D4-C4)/C4*100,1) | F4: =VLOOKUP(A4,Profile!A:E,5,FALSE)
A5: =A5 | B5: =B5 | C5: =VLOOKUP(A5,Planung!A:G,5,FALSE) | D5: =MAX(Tracking!F:F) | E5: =ROUND((D5-C5)/C5*100,1) | F5: =VLOOKUP(A5,Profile!A:E,5,FALSE)
A6: =A6 | B6: =B6 | C6: =VLOOKUP(A6,Planung!A:G,5,FALSE) | D6: =MAX(Tracking!F:F) | E6: =ROUND((D6-C6)/C6*100,1) | F6: =VLOOKUP(A6,Profile!A:E,5,FALSE)
A27: Durchschnitt | C27: =AVERAGE(C2:C40) | D27: =AVERAGE(D2:D40) | E27: =AVERAGE(E2:E40)
