Workbook

Sheet Start
C2: Stundentracker für Freelancer
C3: Professionelle Zeiterfassung mit automatischen Berechnungen und Auswertungen. Ideal für Soloselbstständige und Kleinstunternehmer.
C5: So funktioniert's
B6: 1. | C6: 1. Projekte und Kunden im Tab 'Projekte' anlegen
B7: 2. | C7: 2. Arbeitsstunden im Tab 'Zeiterfassung' eintragen
B8: 3. | C8: 3. Ausgaben im Tab 'Ausgaben' erfassen
B9: 4. | C9: 4. Auswertungen im Dashboard nutzen
B10: 5. | C10: 5. Monatlich PDF-Report erstellen
C12: Nur weiße Zellen ausfüllen – grüne Spalten rechnen automatisch.
C14: Zum Blatt
C15: → Übersicht
C16: → Projekte
C17: → Zeiterfassung
C18: → Ausgaben
C20: Erstellt von Haiktec · haiktec.tech

Sheet Übersicht
B2: Übersicht – Stundentracker für Freelancer
B4: Kennzahlen
B5: Gesamtstunden | C5: =SUM('Zeiterfassung'!G2:G200)
B6: Durchschn. Stundensatz | C6: =AVERAGE('Projekte'!F2:F20)
B7: Offene Projekte | C7: =COUNTIF('Projekte'!G2:G20,"aktiv")
B8: Umsatz MTD (EUR) | C8: =SUM('Zeiterfassung'!H2:H200)
B9: Ausgaben MTD (EUR) | C9: =SUM('Ausgaben'!D2:D50)
B10: Gewinn MTD (EUR) | C10: =KPI_Umsatz-KPI_Ausgaben

Sheet Projekte
A1: Projekt-ID | B1: Kundenname | C1: Projektname | D1: Startdatum | E1: Enddatum | F1: Stundensatz (EUR) | G1: Status
A2: PRJ-2026-001 | B2: Muster GmbH | C2: Web-Relaunch | D2: 46032 | E2: 46096 | F2: 85 | G2: aktiv
A3: PRJ-2026-002 | B3: Beispiel AG | C3: Social Media | D3: 46054 | F3: 75 | G3: aktiv

Sheet Zeiterfassung
A1: Datum | B1: Projekt-ID | C1: Tätigkeit | D1: Startzeit | E1: Endzeit | F1: Pause (Min) | G1: Netto-Stunden | H1: Honorar (EUR)
A2: 46037 | B2: PRJ-2026-001 | C2: Konzept | D2: 09:00 | E2: 12:30 | F2: 30 | G2: =(E2-D2)*24-(F2/60) | H2: =G2*VLOOKUP(B2,Projekte!A:F,6,FALSE)
A3: 46038 | B3: PRJ-2026-001 | C3: Design | D3: 14:00 | E3: 17:45 | F3: 15 | G3: =(E3-D3)*24-(F3/60) | H3: =G3*VLOOKUP(B3,Projekte!A:F,6,FALSE)
G4: =IF(A4="","",(E4-D4)*24-(F4/60)) | H4: =IF(A4="","",G4*VLOOKUP(B4,Projekte!A:F,6,FALSE))
G5: =IF(A5="","",(E5-D5)*24-(F5/60)) | H5: =IF(A5="","",G5*VLOOKUP(B5,Projekte!A:F,6,FALSE))
G6: =IF(A6="","",(E6-D6)*24-(F6/60)) | H6: =IF(A6="","",G6*VLOOKUP(B6,Projekte!A:F,6,FALSE))
G7: =IF(A7="","",(E7-D7)*24-(F7/60)) | H7: =IF(A7="","",G7*VLOOKUP(B7,Projekte!A:F,6,FALSE))
G8: =IF(A8="","",(E8-D8)*24-(F8/60)) | H8: =IF(A8="","",G8*VLOOKUP(B8,Projekte!A:F,6,FALSE))
G9: =IF(A9="","",(E9-D9)*24-(F9/60)) | H9: =IF(A9="","",G9*VLOOKUP(B9,Projekte!A:F,6,FALSE))
G10: =IF(A10="","",(E10-D10)*24-(F10/60)) | H10: =IF(A10="","",G10*VLOOKUP(B10,Projekte!A:F,6,FALSE))
G11: =IF(A11="","",(E11-D11)*24-(F11/60)) | H11: =IF(A11="","",G11*VLOOKUP(B11,Projekte!A:F,6,FALSE))
G12: =IF(A12="","",(E12-D12)*24-(F12/60)) | H12: =IF(A12="","",G12*VLOOKUP(B12,Projekte!A:F,6,FALSE))
G13: =IF(A13="","",(E13-D13)*24-(F13/60)) | H13: =IF(A13="","",G13*VLOOKUP(B13,Projekte!A:F,6,FALSE))
G14: =IF(A14="","",(E14-D14)*24-(F14/60)) | H14: =IF(A14="","",G14*VLOOKUP(B14,Projekte!A:F,6,FALSE))
G15: =IF(A15="","",(E15-D15)*24-(F15/60)) | H15: =IF(A15="","",G15*VLOOKUP(B15,Projekte!A:F,6,FALSE))
... G203: =IF(A203="","",(E203-D203)*24-(F203/60)) | H203: =IF(A203="","",G203*VLOOKUP(B203,Projekte!A:F,6,FALSE))

Sheet Ausgaben
A1: Datum | B1: Kategorie | C1: Beschreibung | D1: Betrag (EUR) | E1: Projekt-ID | F1: Steuerbar
A2: 46027 | B2: Software | C2: Adobe CC Monatsabo | D2: 34.99 | F2: ja
A3: 46040 | B3: Reise | C3: Bahnfahrt zum Kunden | D3: 52.3 | E3: PRJ-2026-001 | F3: ja
