Workbook

Sheet Start
C2: Ultimate Wedding Budget & Vendor Tracker
C3: Track all wedding expenses, compare vendor quotes, and stay on budget with this professional planner.
C5: How it works
B6: 1. | C6: Enter your total budget
B7: 2. | C7: Add vendor quotes as received
B8: 3. | C8: Log payments with dates
B9: 4. | C9: Use dropdowns to categorize
B10: 5. | C10: Check KPIs for real-time updates
B11: 6. | C11: Adjust plans using the insights
C13: Only fill in white cells – green columns calculate automatically.
C15: Go to sheet
C16: → Dashboard
C17: → Budget
C18: → Summary
C20: Made by Haiktec · haiktec.tech

Sheet Dashboard
B2: Dashboard – Ultimate Wedding Budget & Vendor Tracker
B4: Key figures
B5: Total Budget | C5: =SUM(Summary!B2:B15)
B6: Total Spent | C6: =SUM(Summary!C2:C15)
B7: Remaining | C7: =SUM(Summary!D2:D15)
B8: Vendors Booked | C8: =COUNTIF(Budget!G2:G100,"*Paid")
B9: Over Budget | C9: =COUNTIF(Summary!E2:E15,">1")

Sheet Budget
A1: Date | B1: Vendor | C1: Category | D1: Estimated | E1: Paid | F1: Due Date | G1: Status
A2: 46096 | B2: Flower Co | C2: Decor | D2: 1200 | E2: 400 | F2: 46162 | G2: =IF(E2=0,"Pending",IF(E2<D2,"Deposit","Paid"))
A3: 46101 | B3: Venue | C3: Location | D3: 5000 | E3: 1500 | F3: 46188 | G3: =IF(E3=0,"Pending",IF(E3<D3,"Deposit","Paid"))
G4: =IF(A4="","",IF(E4=0,"Pending",IF(E4<D4,"Deposit","Paid")))
G5: =IF(A5="","",IF(E5=0,"Pending",IF(E5<D5,"Deposit","Paid")))
G6: =IF(A6="","",IF(E6=0,"Pending",IF(E6<D6,"Deposit","Paid")))
G7: =IF(A7="","",IF(E7=0,"Pending",IF(E7<D7,"Deposit","Paid")))
G8: =IF(A8="","",IF(E8=0,"Pending",IF(E8<D8,"Deposit","Paid")))
G9: =IF(A9="","",IF(E9=0,"Pending",IF(E9<D9,"Deposit","Paid")))
G10: =IF(A10="","",IF(E10=0,"Pending",IF(E10<D10,"Deposit","Paid")))
G11: =IF(A11="","",IF(E11=0,"Pending",IF(E11<D11,"Deposit","Paid")))
G12: =IF(A12="","",IF(E12=0,"Pending",IF(E12<D12,"Deposit","Paid")))
G13: =IF(A13="","",IF(E13=0,"Pending",IF(E13<D13,"Deposit","Paid")))
G14: =IF(A14="","",IF(E14=0,"Pending",IF(E14<D14,"Deposit","Paid")))
G15: =IF(A15="","",IF(E15=0,"Pending",IF(E15<D15,"Deposit","Paid")))
... G103: =IF(A103="","",IF(E103=0,"Pending",IF(E103<D103,"Deposit","Paid")))

Sheet Summary
A1: Category | B1: Budgeted | C1: Spent | D1: Remaining | E1: % Used
