Workbook

Sheet Start
C2: Ultimate Nordsee & Ostsee Reisebudget-Tracker & Routenplaner für Selbstständige
C3: Professionelle Planung für produktive Küstenreisen – behalten Sie alle Ausgaben und Stationen im Blick. Ideal für digitale Nomaden und Unternehmer am Meer.
C5: So funktioniert's
B6: 1. | C6: Reiseinfos eintragen (Zielorte, Zeitraum)
B7: 2. | C7: Budget in der Übersicht festlegen
B8: 3. | C8: Tägliche Ausgaben erfassen
B9: 4. | C9: Reiserouten mit automatischer Kilometerberechnung planen
B10: 5. | C10: Unterkünfte im Kalenderblock organisieren
B11: 6. | C11: Dashboards für Auswertungen nutzen
B12: 7. | C12: PDF-Bericht für Steuerunterlagen erstellen
C14: Nur weiße Zellen ausfüllen – grüne Spalten rechnen automatisch.
C16: Zum Blatt
C17: → Übersicht
C18: → Budget
C19: → Route
C21: Erstellt von Haiktec · haiktec.tech

Sheet Übersicht
B2: Übersicht – Ultimate Nordsee & Ostsee Reisebudget-Tracker & Routenplaner
B4: Kennzahlen
B5: Gesamtausgaben | C5: =SUM('Budget'!F2:F300)
B6: Tägliche Durchschnittskosten | C6: =AVERAGE('Budget'!F2:F300)
B7: Transportanteil | C7: =SUMIF('Budget'!B2:B300,"Transport",'Budget'!F2:F300)
B8: Gesamtkilometer | C8: =SUM('Route'!D2:D300)
B9: Orte besucht | C9: =COUNTA('Route'!C2:C300)

Sheet Budget
A1: Datum | B1: Kategorie | C1: Beschreibung | D1: Betrag | E1: Steuer | F1: Gesamt
A2: 46154 | B2: Transport | C2: Bahnfahrt Hamburg-Kiel | D2: 32.5 | E2: 0.07 | F2: =D2*(1+E2)
A3: 46155 | B3: Unterkunft | C3: Ferienwohnung Eckernförde | D3: 85 | E3: 0.07 | F3: =D3*(1+E3)
A4: 46156 | B4: Verpflegung | C4: Mittagessen Restaurant | D4: 28.9 | E4: 0.19 | F4: =D4*(1+E4)
A5: 46157 | B5: Co-Working | C5: Tagespass Strandoffice | D5: 22 | E5: 0.19 | F5: =D5*(1+E5)
F6: =IF(A6="","",D6*(1+E6))
F7: =IF(A7="","",D7*(1+E7))
F8: =IF(A8="","",D8*(1+E8))
F9: =IF(A9="","",D9*(1+E9))
F10: =IF(A10="","",D10*(1+E10))
F11: =IF(A11="","",D11*(1+E11))
F12: =IF(A12="","",D12*(1+E12))
F13: =IF(A13="","",D13*(1+E13))
F14: =IF(A14="","",D14*(1+E14))
F15: =IF(A15="","",D15*(1+E15))
F16: =IF(A16="","",D16*(1+E16))
F17: =IF(A17="","",D17*(1+E17))
... F65: =IF(A65="","",D65*(1+E65))

Sheet Route
A1: Datum | B1: Von | C1: Nach | D1: Entfernung | E1: Reisedauer | F1: Transportmittel
A2: 46154 | B2: Hamburg | C2: Kiel | D2: 93 | E2: =D2/80 | F2: Bahn
A3: 46156 | B3: Kiel | C3: Eckernförde | D3: 32 | E3: =D3/80 | F3: Mietwagen
E4: =IF(A4="","",D4/80)
E5: =IF(A5="","",D5/80)
E6: =IF(A6="","",D6/80)
E7: =IF(A7="","",D7/80)
E8: =IF(A8="","",D8/80)
E9: =IF(A9="","",D9/80)
E10: =IF(A10="","",D10/80)
E11: =IF(A11="","",D11/80)
E12: =IF(A12="","",D12/80)
E13: =IF(A13="","",D13/80)
E14: =IF(A14="","",D14/80)
E15: =IF(A15="","",D15/80)
... E33: =IF(A33="","",D33/80)
