Workbook

Sheet Start
C2: Ultimate Berlin & Potsdam Family Travel Budget Planner
C3: Plan and track all your travel expenses with ease. Perfect for families visiting Berlin and Potsdam, ensuring you stay on budget and enjoy every moment.
C5: How it works
B6: 1. | C6: Enter your travel dates and budgets in the 'Overview' sheet.
B7: 2. | C7: Add expenses to the 'Expenses' sheet as you incur them.
B8: 3. | C8: Use the 'Categories' dropdown to classify each expense.
B9: 4. | C9: Monitor your budget in the 'Dashboard' sheet.
B10: 5. | C10: Adjust your spending based on real-time data.
B11: 6. | C11: Use the charts to visualize your spending categories.
B12: 7. | C12: Review your trip summary on the 'Dashboard' sheet.
B13: 8. | C13: Save your plan for future trips.
C15: Only fill in white cells – green columns calculate automatically.
C17: Go to sheet
C18: → Dashboard
C19: → Overview
C20: → Expenses
C21: → Dashboard-2
C23: Made by Haiktec · haiktec.tech

Sheet Dashboard
B2: Dashboard – Ultimate Berlin & Potsdam Family Travel Budget Planner
B4: Key figures
B5: Total Expenses | C5: =SUM('Expenses'!E2:E300)
B6: Remaining Budget | C6: ='Overview'!D{r}
B7: Average Daily Spend | C7: ='Overview'!C{r}/(DATEDIF('Overview'!A{r},'Overview'!B{r},"d")+1)
B8: Max Spend Category | C8: =INDEX('Expenses'!B2:B300,MATCH(MAX('Expenses'!D2:D300),'Expenses'!D2:D300,0))
B9: Number of Expenses | C9: =COUNTA('Expenses'!A2:A300)
B10: Budget Utilization | C10: =SUM('Expenses'!E2:E300)/'Overview'!C{r}

Sheet Overview
A1: Start Date | B1: End Date | C1: Total Budget | D1: Remaining Budget
A2: 46204 | B2: 46210 | C2: 1500 | D2: =C2-SUM('Expenses'!E2:E300)
D3: =IF(A3="","",C3-SUM('Expenses'!E3:E300))

Sheet Expenses
A1: Date | B1: Category | C1: Description | D1: Amount | E1: Sum
A2: 46204 | B2: Accommodation | C2: Hotel Berlin | D2: 200 | E2: =D2
A3: 46205 | B3: Food | C3: Lunch at Café | D3: 50 | E3: =D3
A4: 46206 | B4: Transport | C4: Public Transport | D4: 30 | E4: =D4
A5: 46207 | B5: Entertainment | C5: Museum Entry | D5: 40 | E5: =D5
A6: 46208 | B6: Shopping | C6: Souvenirs | D6: 100 | E6: =D6
A7: 46209 | B7: Food | C7: Dinner | D7: 60 | E7: =D7
A8: 46210 | B8: Transport | C8: Taxi | D8: 20 | E8: =D8
A9: 46210 | B9: Accommodation | C9: Hotel Potsdam | D9: 150 | E9: =D9
E10: =IF(A10="","",D10)
E11: =IF(A11="","",D11)
E12: =IF(A12="","",D12)
E13: =IF(A13="","",D13)
E14: =IF(A14="","",D14)
E15: =IF(A15="","",D15)
E16: =IF(A16="","",D16)
E17: =IF(A17="","",D17)
E18: =IF(A18="","",D18)
E19: =IF(A19="","",D19)
E20: =IF(A20="","",D20)
E21: =IF(A21="","",D21)
... E69: =IF(A69="","",D69)

Sheet Dashboard-2
A1: Total Expenses | B1: Remaining Budget | C1: Average Daily Spend | D1: Max Spend Category
