Workbook

Sheet Start
C2: Ultimate Exam Countdown & Study Planner for Students
C3: Never miss a deadline again - track all exams in one place with automatic countdown, progress tracking and optimized study scheduling.
C5: How it works
B6: 1. | C6: Enter all upcoming exams with dates & importance
B7: 2. | C7: Define your available study hours per week
B8: 3. | C8: Track completed topics per subject
B9: 4. | C9: Let the system calculate daily study tasks
B10: 5. | C10: Monitor overall preparation progress
B11: 6. | C11: Adjust priorities as needed
C13: Only fill in white cells – green columns calculate automatically.
C15: Go to sheet
C16: → Dashboard
C17: → Exams
C18: → Study Plan
C20: Made by Haiktec · haiktec.tech

Sheet Dashboard
B2: Dashboard – Ultimate Exam Countdown & Study Planner for Students
B4: Key figures
B5: Total Study Hours Needed | C5: =SUMIF(Exams!A2:A100,"<>",Exams!C2:C100)*80
B6: Hours Completed | C6: =SUM('Study Plan'!E2:E100)
B7: Exams in Critical Status | C7: =COUNTIF(Exams!D2:D100,"Critical")
B8: Progress % | C8: =KPI2/KPI1

Sheet Exams
A1: Subject | B1: Exam Date | C1: Weight % | D1: Status | E1: Days Left
A2: Advanced Calculus | B2: 46188 | C2: 30 | D2: =IF(E2>14,"On Track",IF(E2>7,"Urgent","Critical")) | E2: =B2-TODAY()
A3: Organic Chemistry | B3: 46170 | C3: 25 | D3: =IF(E3>14,"On Track",IF(E3>7,"Urgent","Critical")) | E3: =B3-TODAY()
A4: Cognitive Psychology | B4: 46175 | C4: 20 | D4: =IF(E4>14,"On Track",IF(E4>7,"Urgent","Critical")) | E4: =B4-TODAY()
A5: Research Methods | B5: 46183 | C5: 25 | D5: =IF(E5>14,"On Track",IF(E5>7,"Urgent","Critical")) | E5: =B5-TODAY()
D6: =IF(A6="","",IF(E6>14,"On Track",IF(E6>7,"Urgent","Critical"))) | E6: =IF(A6="","",B6-TODAY())
D7: =IF(A7="","",IF(E7>14,"On Track",IF(E7>7,"Urgent","Critical"))) | E7: =IF(A7="","",B7-TODAY())
D8: =IF(A8="","",IF(E8>14,"On Track",IF(E8>7,"Urgent","Critical"))) | E8: =IF(A8="","",B8-TODAY())
D9: =IF(A9="","",IF(E9>14,"On Track",IF(E9>7,"Urgent","Critical"))) | E9: =IF(A9="","",B9-TODAY())
D10: =IF(A10="","",IF(E10>14,"On Track",IF(E10>7,"Urgent","Critical"))) | E10: =IF(A10="","",B10-TODAY())
D11: =IF(A11="","",IF(E11>14,"On Track",IF(E11>7,"Urgent","Critical"))) | E11: =IF(A11="","",B11-TODAY())
D12: =IF(A12="","",IF(E12>14,"On Track",IF(E12>7,"Urgent","Critical"))) | E12: =IF(A12="","",B12-TODAY())
D13: =IF(A13="","",IF(E13>14,"On Track",IF(E13>7,"Urgent","Critical"))) | E13: =IF(A13="","",B13-TODAY())
D14: =IF(A14="","",IF(E14>14,"On Track",IF(E14>7,"Urgent","Critical"))) | E14: =IF(A14="","",B14-TODAY())
D15: =IF(A15="","",IF(E15>14,"On Track",IF(E15>7,"Urgent","Critical"))) | E15: =IF(A15="","",B15-TODAY())
D16: =IF(A16="","",IF(E16>14,"On Track",IF(E16>7,"Urgent","Critical"))) | E16: =IF(A16="","",B16-TODAY())
D17: =IF(A17="","",IF(E17>14,"On Track",IF(E17>7,"Urgent","Critical"))) | E17: =IF(A17="","",B17-TODAY())

Sheet Study Plan
A1: Week Start | B1: Subject | C1: Priority | D1: Hours Planned | E1: Hours Actual
A2: 46122 | B2: Advanced Calculus | C2: =VLOOKUP(B2,Exams!A2:E100,3,FALSE) | D2: 8
A3: 46122 | B3: Organic Chemistry | C3: =VLOOKUP(B3,Exams!A2:E100,3,FALSE) | D3: 6
A4: 46129 | B4: Cognitive Psychology | C4: =VLOOKUP(B4,Exams!A2:E100,3,FALSE) | D4: 5
A5: 46129 | B5: Research Methods | C5: =VLOOKUP(B5,Exams!A2:E100,3,FALSE) | D5: 4
C6: =IF(A6="","",VLOOKUP(B6,Exams!A2:E100,3,FALSE))
C7: =IF(A7="","",VLOOKUP(B7,Exams!A2:E100,3,FALSE))
C8: =IF(A8="","",VLOOKUP(B8,Exams!A2:E100,3,FALSE))
C9: =IF(A9="","",VLOOKUP(B9,Exams!A2:E100,3,FALSE))
C10: =IF(A10="","",VLOOKUP(B10,Exams!A2:E100,3,FALSE))
C11: =IF(A11="","",VLOOKUP(B11,Exams!A2:E100,3,FALSE))
C12: =IF(A12="","",VLOOKUP(B12,Exams!A2:E100,3,FALSE))
C13: =IF(A13="","",VLOOKUP(B13,Exams!A2:E100,3,FALSE))
C14: =IF(A14="","",VLOOKUP(B14,Exams!A2:E100,3,FALSE))
C15: =IF(A15="","",VLOOKUP(B15,Exams!A2:E100,3,FALSE))
C16: =IF(A16="","",VLOOKUP(B16,Exams!A2:E100,3,FALSE))
C17: =IF(A17="","",VLOOKUP(B17,Exams!A2:E100,3,FALSE))
C18: =IF(A18="","",VLOOKUP(B18,Exams!A2:E100,3,FALSE))
C19: =IF(A19="","",VLOOKUP(B19,Exams!A2:E100,3,FALSE))
C20: =IF(A20="","",VLOOKUP(B20,Exams!A2:E100,3,FALSE))
C21: =IF(A21="","",VLOOKUP(B21,Exams!A2:E100,3,FALSE))
C22: =IF(A22="","",VLOOKUP(B22,Exams!A2:E100,3,FALSE))
C23: =IF(A23="","",VLOOKUP(B23,Exams!A2:E100,3,FALSE))
C24: =IF(A24="","",VLOOKUP(B24,Exams!A2:E100,3,FALSE))
C25: =IF(A25="","",VLOOKUP(B25,Exams!A2:E100,3,FALSE))
