Workbook

Sheet Start
C2: Ultimate NRW Family Travel Budget Planner & Itinerary Tracker
C3: Effortlessly plan and track your family trip to NRW with this comprehensive Excel sheet. Manage your budget, itineraries, and expenses in one place, ensuring a stress-free and enjoyable journey.
C5: How it works
B6: 1. | C6: Enter your trip details in the 'Itinerary' sheet.
B7: 2. | C7: Log your expenses in the 'Expenses' sheet.
B8: 3. | C8: Use the 'Budget' sheet to track your spending against your planned budget.
B9: 4. | C9: Check the 'Overview' sheet for a summary of your trip finances.
B10: 5. | C10: Review the charts in the 'Dashboard' sheet for insights into your spending habits.
C12: Only fill in white cells – green columns calculate automatically.
C14: Go to sheet
C15: → Dashboard
C16: → Itinerary
C17: → Expenses
C18: → Budget
C19: → Overview
C21: Made by Haiktec · haiktec.tech

Sheet Dashboard
B2: Dashboard – Ultimate NRW Family Travel Budget Planner & Itinerary Tracke
B4: Key figures
B5: Total Planned Budget | C5: =SUM('Budget'!B2:B20)
B6: Total Actual Spend | C6: =SUM('Budget'!C2:C20)
B7: Total Difference | C7: =B{r}-C{r}
B8: Number of Activities | C8: =COUNTA('Itinerary'!A2:A30)
B9: Number of Expenses | C9: =COUNTA('Expenses'!A2:A60)
B10: Average Expense | C10: =AVERAGE('Expenses'!D2:D60)

Sheet Itinerary
A1: Date | B1: Location | C1: Activity | D1: Start Time | E1: End Time
A2: 46218 | B2: Cologne | C2: Visit Cologne Cathedral | D2: 10:00 | E2: 12:00
A3: 46218 | B3: Cologne | C3: Lunch at local restaurant | D3: 12:30 | E3: 13:30
A4: 46218 | B4: Cologne | C4: Rheinpark visit | D4: 14:00 | E4: 16:00

Sheet Expenses
A1: Date | B1: Category | C1: Description | D1: Amount | E1: Currency
A2: 46218 | B2: Food | C2: Lunch at local restaurant | D2: 45 | E2: EUR
A3: 46218 | B3: Transport | C3: Taxi ride | D3: 20 | E3: EUR
A4: 46218 | B4: Entertainment | C4: Museum tickets | D4: 30 | E4: EUR

Sheet Budget
A1: Category | B1: Planned Budget | C1: Actual Spend | D1: Difference
A2: Food | B2: 200 | C2: 45 | D2: =C2-B2
A3: Transport | B3: 100 | C3: 20 | D3: =C3-B3
A4: Entertainment | B4: 150 | C4: 30 | D4: =C4-B4
D5: =IF(A5="","",C5-B5)
D6: =IF(A6="","",C6-B6)
D7: =IF(A7="","",C7-B7)
D8: =IF(A8="","",C8-B8)
D9: =IF(A9="","",C9-B9)
D10: =IF(A10="","",C10-B10)
D11: =IF(A11="","",C11-B11)
D12: =IF(A12="","",C12-B12)
D13: =IF(A13="","",C13-B13)
D14: =IF(A14="","",C14-B14)
D15: =IF(A15="","",C15-B15)
D16: =IF(A16="","",C16-B16)
... D24: =IF(A24="","",C24-B24)

Sheet Overview
A1: Total Planned Budget | B1: Total Actual Spend | C1: Total Difference
