Workbook

Sheet Start
C2: Volunteer Event Budget & Donation Tracker
C3: Effortlessly manage your event budgets and donations with this professional Excel template, designed to streamline tracking and reporting for volunteer organizations.
C5: How it works
B6: 1. | C6: Enter event details and budget in the 'Budget Planning' sheet.
B7: 2. | C7: Record expenses in the 'Expense Tracking' sheet, selecting categories from dropdown menus.
B8: 3. | C8: Log donations in the 'Donation Management' sheet with donor information and amounts.
B9: 4. | C9: Review the 'Summary Dashboard' for KPIs like total budget, expenses, donations, and remaining funds.
B10: 5. | C10: Use the charts to visualize spending and donation trends.
B11: 6. | C11: Export the data for reports or presentations.
C13: Only fill in white cells – green columns calculate automatically.
C15: Go to sheet
C16: → Dashboard
C17: → Budget Planning
C18: → Expense Tracking
C19: → Donation Management
C20: → Summary Dashboard
C22: Made by Haiktec · haiktec.tech

Sheet Dashboard
B2: Dashboard – Volunteer Event Budget & Donation Tracker
B4: Key figures
B5: Total Budget | C5: =SUM('Budget Planning'!D2:D300)
B6: Total Expenses | C6: =SUM('Expense Tracking'!D2:D300)
B7: Total Donations | C7: =SUM('Donation Management'!D2:D300)
B8: Remaining Funds | C8: =SUM('Budget Planning'!D2:D300)-SUM('Expense Tracking'!D2:D300)
B9: Number of Donors | C9: =COUNTA('Donation Management'!B2:B300)

Sheet Budget Planning
A1: Date | B1: Category | C1: Description | D1: Budgeted Amount | E1: Actual Amount
A2: 46037 | B2: Venue | C2: Conference Hall | D2: 500 | E2: =SUMIF('Expense Tracking'!B:B, B2, 'Expense Tracking'!E:E)
E3: =IF(A3="","",SUMIF('Expense Tracking'!B:B, B3, 'Expense Tracking'!E:E))
E4: =IF(A4="","",SUMIF('Expense Tracking'!B:B, B4, 'Expense Tracking'!E:E))
E5: =IF(A5="","",SUMIF('Expense Tracking'!B:B, B5, 'Expense Tracking'!E:E))
E6: =IF(A6="","",SUMIF('Expense Tracking'!B:B, B6, 'Expense Tracking'!E:E))
E7: =IF(A7="","",SUMIF('Expense Tracking'!B:B, B7, 'Expense Tracking'!E:E))
E8: =IF(A8="","",SUMIF('Expense Tracking'!B:B, B8, 'Expense Tracking'!E:E))
E9: =IF(A9="","",SUMIF('Expense Tracking'!B:B, B9, 'Expense Tracking'!E:E))
E10: =IF(A10="","",SUMIF('Expense Tracking'!B:B, B10, 'Expense Tracking'!E:E))
E11: =IF(A11="","",SUMIF('Expense Tracking'!B:B, B11, 'Expense Tracking'!E:E))
E12: =IF(A12="","",SUMIF('Expense Tracking'!B:B, B12, 'Expense Tracking'!E:E))
E13: =IF(A13="","",SUMIF('Expense Tracking'!B:B, B13, 'Expense Tracking'!E:E))
E14: =IF(A14="","",SUMIF('Expense Tracking'!B:B, B14, 'Expense Tracking'!E:E))
... E62: =IF(A62="","",SUMIF('Expense Tracking'!B:B, B62, 'Expense Tracking'!E:E))

Sheet Expense Tracking
A1: Date | B1: Category | C1: Description | D1: Amount
A2: 46038 | B2: Catering | C2: Food and Beverages | D2: 250

Sheet Donation Management
A1: Date | B1: Donor Name | C1: Description | D1: Amount
A2: 46039 | B2: John Doe | C2: General Donation | D2: 100

Sheet Summary Dashboard
A1: Metric | B1: Value
