Workbook

Sheet Start
C2: YouTube Video Performance Tracker & Optimierungstool für Creator
C3: Analysieren und optimieren Sie Ihre YouTube-Videoperformance mit dieser professionellen Excel-Vorlage.
C5: So funktioniert's
B6: 1. | C6: Tragen Sie Ihre Video-Daten in die Registerkarte 'Video-Daten' ein.
B7: 2. | C7: Analysieren Sie die Performance in der Registerkarte 'Performance-Analyse'.
B8: 3. | C8: Nutzen Sie die Registerkarte 'Optimierungstipps' für gezielte Verbesserungen.
B9: 4. | C9: Überprüfen Sie die KPIs im Dashboard.
B10: 5. | C10: Erstellen Sie Diagramme zur visuellen Darstellung der Daten.
C12: Nur weiße Zellen ausfüllen – grüne Spalten rechnen automatisch.
C14: Zum Blatt
C15: → Übersicht
C16: → Video-Daten
C17: → Performance-Analyse
C18: → Optimierungstipps
C20: Erstellt von Haiktec · haiktec.tech

Sheet Übersicht
B2: Übersicht – YouTube Video Performance Tracker & Optimierungstool für Cre
B4: Kennzahlen
B5: Gesamtaufrufe | C5: =SUM('Video-Daten'!D2:D300)
B6: Durchschnittliche Interaktionsrate | C6: =AVERAGE('Video-Daten'!G2:G300)
B7: Gesamteinnahmen | C7: =SUM('Video-Daten'!H2:H300)
B8: Anzahl Videos | C8: =COUNTA('Video-Daten'!A2:A300)
B9: Gesamt-Watch Time | C9: =SUM('Video-Daten'!F2:F300)
B10: Höchste CTR | C10: =MAX('Video-Daten'!G2:G300)

Sheet Video-Daten
A1: Datum | B1: Titel | C1: Kategorie | D1: Aufrufe | E1: Interaktionen | F1: Watch Time | G1: CTR | H1: Einnahmen
A2: 46037 | B2: Mein erstes Video | C2: Tutorial | D2: 1500 | E2: 120 | F2: 500:30 | G2: 0.045 | H2: =D2*0.01
A3: 46042 | B3: Produktvorstellung | C3: Review | D3: 3000 | E3: 200 | F3: 1000:45 | G3: 0.038 | H3: =D3*0.01
A4: 46047 | B4: Vlog #1 | C4: Lifestyle | D4: 2000 | E4: 150 | F4: 750:20 | G4: 0.052 | H4: =D4*0.01
A5: 46054 | B5: Unboxing | C5: Review | D5: 2500 | E5: 180 | F5: 900:15 | G5: 0.04 | H5: =D5*0.01
A6: 46058 | B6: Tutorial | C6: Tutorial | D6: 4000 | E6: 250 | F6: 1200:30 | G6: 0.047 | H6: =D6*0.01
A7: 46063 | B7: Vlog #2 | C7: Lifestyle | D7: 3500 | E7: 220 | F7: 1100:25 | G7: 0.05 | H7: =D7*0.01
A8: 46068 | B8: Produktvorstellung 2 | C8: Review | D8: 5000 | E8: 300 | F8: 1500:45 | G8: 0.035 | H8: =D8*0.01
A9: 46073 | B9: Mein zweites Video | C9: Tutorial | D9: 6000 | E9: 350 | F9: 1800:30 | G9: 0.042 | H9: =D9*0.01
H10: =IF(A10="","",D10*0.01)
H11: =IF(A11="","",D11*0.01)
H12: =IF(A12="","",D12*0.01)
H13: =IF(A13="","",D13*0.01)
H14: =IF(A14="","",D14*0.01)
H15: =IF(A15="","",D15*0.01)
H16: =IF(A16="","",D16*0.01)
H17: =IF(A17="","",D17*0.01)
H18: =IF(A18="","",D18*0.01)
H19: =IF(A19="","",D19*0.01)
H20: =IF(A20="","",D20*0.01)
H21: =IF(A21="","",D21*0.01)
... H69: =IF(A69="","",D69*0.01)

Sheet Performance-Analyse
A1: Video-Titel | B1: Aufrufe | C1: Interaktionen | D1: Watch Time | E1: CTR | F1: Einnahmen

Sheet Optimierungstipps
A1: Video-Titel | B1: Optimierungsbereich | C1: Empfehlung
