Workbook

Sheet Start
C2: YouTube Content ROI & Performance Tracker für Creator
C3: Professionelle Excel-Vorlage zur Analyse Ihrer YouTube-Videoperformance und Berechnung des ROI Ihrer Inhalte. Optimieren Sie Ihre Content-Strategie basierend auf harten Zahlen.
C5: So funktioniert's
B6: 1. | C6: Video-Eigenschaften eintragen (Titel, Länge, Typ)
B7: 2. | C7: Produktionskosten und Zeitaufwand erfassen
B8: 3. | C8: YouTube-Statistiken monatlich aktualisieren
B9: 4. | C9: ROI automatisch berechnen lassen
B10: 5. | C10: Performance-Trends im Dashboard analysieren
B11: 6. | C11: Gewonnene Erkenntnisse für zukünftige Videos nutzen
C13: Nur weiße Zellen ausfüllen – grüne Spalten rechnen automatisch.
C15: Zum Blatt
C16: → Übersicht
C17: → VideoDetails
C18: → MonatsStats
C19: → ROIBerechnung
C21: Erstellt von Haiktec · haiktec.tech

Sheet Übersicht
B2: Übersicht – YouTube Content ROI & Performance Tracker für Creator
B4: Kennzahlen
B5: Gesamtaufrufe | C5: =SUM(MonatsStats!C:C)
B6: Gesamteinnahmen | C6: =SUM(ROIBerechnung!C:C)
B7: Durchsch. ROI | C7: =AVERAGE(ROIBerechnung!D:D)
B8: Amortisierte Videos | C8: =COUNTIF(ROIBerechnung!E:E,"Amortisiert")
B9: Durchsch. Prod.kosten | C9: =AVERAGE(VideoDetails!G:G)
B10: Engagement-Rate | C10: =SUM(MonatsStats!F:F,G:G)/SUM(MonatsStats!C:C)

Sheet VideoDetails
A1: Video ID | B1: Titel | C1: UploadDatum | D1: VideoTyp | E1: Laenge | F1: Produktionszeit | G1: Produktionskosten | H1: Promotionkosten | I1: Tags
A2: VID001 | B2: 5 Tipps für bessere Thumbnails | C2: 46032 | D2: Tutorial | E2: 0:15:00 | F2: 4:00:00 | G2: 50 | H2: 15 | I2: YouTube,Thumbnail,Tipps
A3: VID002 | B3: Vlog: Mein Arbeitsalltag | C3: 46039 | D3: Vlog | E3: 0:25:30 | F3: 2:30:00 | G3: 25 | H3: 10 | I3: Vlog,Arbeit

Sheet MonatsStats
A1: Video ID | B1: Monat | C1: Aufrufe | D1: Watch Time | E1: Abos | F1: Likes | G1: Kommentare | H1: CPM | I1: Einnahmen
A2: VID001 | B2: 46023 | C2: 1250 | D2: 125:00:00 | E2: 42 | F2: 78 | G2: 15 | H2: 5.5 | I2: =G2*F2/1000
A3: VID001 | B3: 46054 | C3: 850 | D3: 90:30:00 | E3: 25 | F3: 35 | G3: 8 | H3: 5.5 | I3: =G3*F3/1000
I4: =IF(A4="","",G4*F4/1000)
I5: =IF(A5="","",G5*F5/1000)
I6: =IF(A6="","",G6*F6/1000)
I7: =IF(A7="","",G7*F7/1000)
I8: =IF(A8="","",G8*F8/1000)
I9: =IF(A9="","",G9*F9/1000)
I10: =IF(A10="","",G10*F10/1000)
I11: =IF(A11="","",G11*F11/1000)
I12: =IF(A12="","",G12*F12/1000)
I13: =IF(A13="","",G13*F13/1000)
I14: =IF(A14="","",G14*F14/1000)
I15: =IF(A15="","",G15*F15/1000)
... I63: =IF(A63="","",G63*F63/1000)

Sheet ROIBerechnung
A1: Video ID | B1: Gesamtkosten | C1: Gesamteinnahmen | D1: ROI | E1: Amortisationszeit | F1: Status
