Workbook

Sheet Start
C2: Professional YouTube Ad Revenue & Expense Tracker
C3: Track your YouTube ad revenue and expenses seamlessly with this professional Excel template designed for content creators.
C5: How it works
B6: 1. | C6: Enter your YouTube ad revenue details in the 'Revenue' sheet.
B7: 2. | C7: Input your monthly expenses in the 'Expenses' sheet.
B8: 3. | C8: Update the 'Settings' sheet with your preferences.
B9: 4. | C9: View the 'Dashboard' for a quick overview of your financials.
B10: 5. | C10: Use the 'Summary' sheet for detailed reports.
C12: Only fill in white cells – green columns calculate automatically.
C14: Go to sheet
C15: → Dashboard
C16: → Revenue
C17: → Expenses
C18: → Dashboard-2
C20: Made by Haiktec · haiktec.tech

Sheet Dashboard
B2: Dashboard – Professional YouTube Ad Revenue & Expense Tracker
B4: Key figures
B5: Total Revenue | C5: =SUM('Revenue'!E2:E300)
B6: Total Expenses | C6: =SUM('Expenses'!D2:D300)
B7: Net Income | C7: =SUM('Revenue'!E2:E300)-SUM('Expenses'!D2:D300)
B8: Number of Videos | C8: =COUNTA('Revenue'!B2:B300)
B9: Average CPM | C9: =AVERAGE('Revenue'!D2:D300)

Sheet Revenue
A1: Date | B1: Video Title | C1: Views | D1: CPM | E1: Revenue
A2: 46023 | B2: Best Tips for YouTube | C2: 10000 | D2: 10 | E2: =C2*(D2/1000)
A3: 46027 | B3: How to Grow Your Channel | C3: 15000 | D3: 12 | E3: =C3*(D3/1000)
A4: 46032 | B4: Editing Tips | C4: 20000 | D4: 15 | E4: =C4*(D4/1000)
E5: =IF(A5="","",C5*(D5/1000))
E6: =IF(A6="","",C6*(D6/1000))
E7: =IF(A7="","",C7*(D7/1000))
E8: =IF(A8="","",C8*(D8/1000))
E9: =IF(A9="","",C9*(D9/1000))
E10: =IF(A10="","",C10*(D10/1000))
E11: =IF(A11="","",C11*(D11/1000))
E12: =IF(A12="","",C12*(D12/1000))
E13: =IF(A13="","",C13*(D13/1000))
E14: =IF(A14="","",C14*(D14/1000))
E15: =IF(A15="","",C15*(D15/1000))
E16: =IF(A16="","",C16*(D16/1000))
... E64: =IF(A64="","",C64*(D64/1000))

Sheet Expenses
A1: Date | B1: Category | C1: Description | D1: Amount
A2: 46024 | B2: Equipment | C2: New Camera | D2: 500
A3: 46029 | B3: Software | C3: Editing Software | D3: 200
A4: 46034 | B4: Marketing | C4: Facebook Ads | D4: 100

Sheet Dashboard-2
A1: Metric | B1: Value
